Date,index_value
2015-01-02,1.0
2015-01-05,0.9972216444768708
2015-01-07,0.972456340327004
2015-01-08,0.9973247383267797
2015-01-09,0.9890825914420633
2015-01-12,0.9946968519881024
2015-01-13,1.0010008671803174
2015-01-14,0.972810256772015
2015-01-15,0.9859575018904906
2015-01-16,0.9898230989682253
2015-01-19,0.9954834603214857
2015-01-20,1.0065563457691775
2015-01-21,1.0158012095397628
2015-01-22,1.0318734222666643
2015-01-23,1.040009974651378
2015-01-26,1.0528808290875933
2015-01-27,1.037187853953775
2015-01-28,1.0620032451581007
2015-01-29,1.066280657057206
2015-01-30,1.0727097351540225
2015-02-02,1.073678581891517
2015-02-03,1.0871441080539657
2015-02-04,1.0810650423192487
2015-02-05,1.0892362604331156
2015-02-06,1.1015503483641418
2015-02-09,1.0984781986990582
2015-02-10,1.1015127211856426
2015-02-11,1.0950539093223552
2015-02-12,1.1233059880701401
2015-02-13,1.1368010336337935
2015-02-16,1.1379980297783963
2015-02-17,1.1275960064827553
2015-02-18,1.1430058513553196
2015-02-19,1.1473873221742799
2015-02-20,1.148303365093136
2015-02-23,1.1576358612461926
2015-02-24,1.1622402388607593
2015-02-25,1.1603904479469367
2015-02-26,1.1648763346877626
2015-02-27,1.167633429111213
2015-03-02,1.1606009999426525
2015-03-03,1.1405019237198475
2015-03-04,1.1355633672558472
2015-03-05,1.1423572849483332
2015-03-06,1.139426488435771
2015-03-09,1.1385639194082724
2015-03-10,1.125498401477748
2015-03-11,1.1424751895092244
2015-03-12,1.1445124289389392
2015-03-13,1.148837466652093
2015-03-16,1.1614822293885916
2015-03-17,1.1525084417950222
2015-03-18,1.1724589936347654
2015-03-19,1.1760819494705888
2015-03-20,1.1774196465608444
2015-03-23,1.1668365442908415
2015-03-24,1.1731421738532413
2015-03-25,1.167963779701703
2015-03-26,1.1596630791974338
2015-03-27,1.1601925692866206
2015-03-30,1.1777037704266708
2015-03-31,1.1680352816193718
2015-04-01,1.168498693054582
2015-04-02,1.176011719105955
2015-04-07,1.1920292378347241
2015-04-08,1.1854979838686508
2015-04-09,1.1957621260886309
2015-04-10,1.1997036029487476
2015-04-13,1.2031499252227402
2015-04-14,1.209197893515636
2015-04-15,1.220778981319502
2015-04-16,1.2155909217470175
2015-04-17,1.1860467051072707
2015-04-20,1.2002732673034164
2015-04-21,1.2139450756338104
2015-04-22,1.223592464493715
2015-04-23,1.2116237294758978
2015-04-24,1.2216839355861377
2015-04-27,1.2400932095018926
2015-04-28,1.21122782545858
2015-04-29,1.1758114067158252
2015-04-30,1.1790336260167482
2015-05-04,1.1845394453697538
2015-05-05,1.1594112884011296
2015-05-06,1.15071365820937
2015-05-07,1.156121777413086
2015-05-08,1.175958360681425
2015-05-11,1.1830572264867745
2015-05-12,1.171355705391236
2015-05-13,1.1886159943057397
2015-05-15,1.1868043942197508
2015-05-18,1.1916175563726779
2015-05-19,1.201338780070051
2015-05-20,1.2040035645623994
2015-05-21,1.2086586297002027
2015-05-22,1.2127031871812382
2015-05-25,1.2134216257405932
2015-05-26,1.202815070679291
2015-05-27,1.2196608202997956
2015-05-28,1.220297624082084
2015-05-29,1.2040344000337904
2015-06-01,1.203804544018531
2015-06-02,1.1989204757066823
2015-06-03,1.2000446468615902
2015-06-04,1.1858153746502977
2015-06-05,1.1711170965797162
2015-06-08,1.1579690549228663
2015-06-09,1.1562583855937698
2015-06-10,1.1711704068409574
2015-06-11,1.1694576358921414
2015-06-12,1.1642319607677667
2015-06-15,1.1386056378902147
2015-06-16,1.1499824770437286
2015-06-17,1.1380665575140592
2015-06-18,1.1356237412025494
2015-06-22,1.1619245442068686
2015-06-23,1.171233671873106
2015-06-24,1.1623623561117697
2015-06-25,1.1587560076241767
2015-06-26,1.162745797162611
2015-06-29,1.1325044388224013
2015-06-30,1.1207128309940482
2015-07-01,1.1439286721167121
2015-07-02,1.1349230556152345
2015-07-03,1.131026231234785
2015-07-06,1.1098571865019309
2015-07-07,1.0981144190971857
2015-07-08,1.1008100815954436
2015-07-09,1.1216749793676888
2015-07-10,1.1491956334085078
2015-07-13,1.1682320540407527
2015-07-14,1.1670682841629283
2015-07-15,1.150359863991038
2015-07-16,1.181020305104109
2015-07-17,1.1829484718097645
2015-07-20,1.19953958216881
2015-07-21,1.1906215430310387
2015-07-22,1.1746144515305266
2015-07-23,1.1733912628914764
2015-07-24,1.1667341617029525
2015-07-27,1.1403568782403304
2015-07-28,1.1471089280900857
2015-07-29,1.1530049678865448
2015-07-30,1.1586446654803033
2015-07-31,1.1669712734961648
2015-08-03,1.1693517568175966
2015-08-04,1.1651082628529148
2015-08-05,1.180953300786486
2015-08-06,1.179836117507111
2015-08-07,1.1737978796836848
2015-08-10,1.1956967631103743
2015-08-11,1.183125270931967
2015-08-12,1.1543896510497866
2015-08-13,1.1710303312238566
2015-08-14,1.1696858000679564
2015-08-17,1.1734280840879825
2015-08-18,1.1675023921645642
2015-08-19,1.1449746547626913
2015-08-20,1.1319174374840977
2015-08-21,1.100575071164145
2015-08-24,1.0494681689619407
2015-08-25,1.0856204115369843
2015-08-26,1.0740610506087276
2015-08-27,1.1244422720785059
2015-08-28,1.1370256149530578
2015-08-31,1.1360295402064193
2015-09-01,1.1144203869202642
2015-09-02,1.1147169811219118
2015-09-03,1.1412411714221906
2015-09-04,1.1136115473988655
2015-09-07,1.131809332566074
2015-09-08,1.140955071285566
2015-09-09,1.1514865562193148
2015-09-10,1.1382447528857573
2015-09-11,1.1351598094202673
2015-09-14,1.1182596794342528
2015-09-15,1.1193896479526098
2015-09-16,1.131474911966532
2015-09-17,1.1354988609013936
2015-09-18,1.112852155655921
2015-09-21,1.1206384960433604
2015-09-22,1.091898357426659
2015-09-23,1.088834703809211
2015-09-24,1.0590609751664328
2015-09-25,1.0917805895112132
2015-09-28,1.0811949260627833
2015-09-29,1.0852555666424526
2015-09-30,1.111138809692069
2015-10-01,1.0929809000780322
2015-10-02,1.0970137094408678
2015-10-05,1.1321585512418295
2015-10-06,1.1302295165636758
2015-10-07,1.1265980698523617
2015-10-08,1.136312558812682
2015-10-09,1.1552387190353717
2015-10-12,1.1483286141891076
2015-10-13,1.136767598630598
2015-10-14,1.1260107601619251
2015-10-15,1.1371765410446484
2015-10-16,1.1325893799091433
2015-10-19,1.136369655371324
2015-10-20,1.143175448950429
2015-10-21,1.1413773743090874
2015-10-22,1.16325247056508
2015-10-23,1.1804093793244927
2015-10-26,1.1753925363497997
2015-10-27,1.1701003446520006
2015-10-28,1.1782477905872955
2015-10-29,1.1747121927054327
2015-10-30,1.179670343544873
2015-11-02,1.186278152733245
2015-11-03,1.19830956155007
2015-11-04,1.2169624873139293
2015-11-05,1.2107437608151768
2015-11-06,1.2129242283490955
2015-11-09,1.2037597981869217
2015-11-10,1.190853883596659
2015-11-11,1.2008645266012823
2015-11-12,1.1855899776286782
2015-11-13,1.1768386769824821
2015-11-16,1.1817988249625062
2015-11-17,1.2065983160131692
2015-11-18,1.208084287455046
2015-11-19,1.2120789136035226
2015-11-20,1.2216300438045609
2015-11-23,1.2238292819830465
2015-11-24,1.2005624381201363
2015-11-25,1.2097356908397585
2015-11-26,1.2210940389633316
2015-11-27,1.2222024417325614
2015-11-30,1.2405945193366377
2015-12-01,1.2452845871756464
2015-12-02,1.252617469953024
2015-12-03,1.2303229128253077
2015-12-04,1.2189420248876284
2015-12-07,1.2198460012125931
2015-12-08,1.191486299927025
2015-12-09,1.1878662342529482
2015-12-10,1.1763120562172056
2015-12-11,1.1558235223462636
2015-12-14,1.1412026550190946
2015-12-15,1.1595321200972624
2015-12-16,1.1622980297509262
2015-12-17,1.1721762609609605
2015-12-18,1.1627414918743195
2015-12-21,1.1633918586063248
2015-12-22,1.154157517440883
2015-12-23,1.183720086447759
2015-12-28,1.176656548596452
2015-12-29,1.1877302661156102
2015-12-30,1.1891590655559212
2016-01-04,1.155060306969366
2016-01-05,1.1423472973056927
2016-01-07,1.1172635682876855
2016-01-08,1.104989718863903
2016-01-11,1.0992734009545924
2016-01-12,1.098887458459148
2016-01-13,1.1078965905696863
2016-01-14,1.0884541961248693
2016-01-15,1.0584985077333715
2016-01-18,1.0570774272716719
2016-01-19,1.077256555535929
2016-01-20,1.0442922129749155
2016-01-21,1.0573093222666377
2016-01-22,1.095313033868711
2016-01-25,1.095787039166978
2016-01-26,1.110349687084614
2016-01-27,1.111098461867687
2016-01-28,1.0928780111332643
2016-01-29,1.1051279368195346
2016-02-01,1.09954994717119
2016-02-02,1.0769955128397743
2016-02-03,1.0675176234558426
2016-02-04,1.0893942777591148
2016-02-05,1.0843659555045682
2016-02-08,1.0209150588659959
2016-02-09,1.0084845234169033
2016-02-10,1.0422302869010236
2016-02-11,1.0076588406451992
2016-02-12,1.0442908847802193
2016-02-15,1.0752309765720482
2016-02-16,1.0722800991262045
2016-02-17,1.1132101116013795
2016-02-18,1.115033069773177
2016-02-19,1.1087827863865245
2016-02-22,1.1317704565757962
2016-02-23,1.119537866908871
2016-02-24,1.0943463407259753
2016-02-25,1.1137983986905358
2016-02-26,1.118765770798958
2016-02-29,1.1256227117576714
2016-03-01,1.140735354592589
2016-03-02,1.1372672834852846
2016-03-03,1.1380081933595552
2016-03-04,1.1537645027128571
2016-03-07,1.1465693925054907
2016-03-08,1.1364226871561933
2016-03-09,1.1397715316888122
2016-03-10,1.127283942578318
2016-03-11,1.1502955808266744
2016-03-14,1.1544720630101901
2016-03-15,1.1383559875020601
2016-03-16,1.1367461131273715
2016-03-17,1.1378604399777676
2016-03-18,1.1434223208044811
2016-03-21,1.134338703532133
2016-03-22,1.1393183922528174
2016-03-23,1.1351606278907125
2016-03-24,1.1238929271626124
2016-03-29,1.1261673453292453
2016-03-30,1.15350283741894
2016-03-31,1.1467529597007349
2016-04-01,1.1425423092171996
2016-04-04,1.143882556971325
2016-04-05,1.1229752837404172
2016-04-06,1.1381667779458247
2016-04-07,1.1211927994484454
2016-04-08,1.145443535987845
2016-04-11,1.147094540397939
2016-04-12,1.1499027678731522
2016-04-13,1.1694932782203675
2016-04-14,1.166117550946531
2016-04-15,1.1641729078952676
2016-04-18,1.1629921185946281
2016-04-19,1.189473977101052
2016-04-20,1.196731680958563
2016-04-21,1.1970886044333993
2016-04-22,1.184924282682613
2016-04-25,1.1820973609707883
2016-04-26,1.1829148881216087
2016-04-27,1.182154648657249
2016-04-28,1.191200979660538
2016-04-29,1.1677890584651183
2016-05-02,1.1585407612360048
2016-05-03,1.1481710853352267
2016-05-04,1.1420499946399703
2016-05-06,1.137433449975842
2016-05-09,1.1517292172272777
2016-05-10,1.1527202285363265
2016-05-11,1.1526345332695858
2016-05-12,1.143497535153562
2016-05-13,1.1623682419102146
2016-05-16,1.1720695183476462
2016-05-17,1.1682362896954397
2016-05-18,1.1740067157406817
2016-05-19,1.1563316722125974
2016-05-20,1.17635075833965
2016-05-23,1.179471240317214
2016-05-24,1.1928566529309261
2016-05-25,1.2014260408752626
2016-05-26,1.2080822526549422
2016-05-27,1.2034262622420455
2016-05-30,1.2078499009207477
2016-05-31,1.2007392202925198
2016-06-01,1.1882698606081856
2016-06-02,1.1914718752551567
2016-06-03,1.1808585331150323
2016-06-07,1.1934618521733549
2016-06-08,1.1925903650636616
2016-06-09,1.1820524185946693
2016-06-10,1.1533704130294393
2016-06-13,1.1326635237651392
2016-06-14,1.1127836470512027
2016-06-15,1.1302677311428293
2016-06-16,1.1071666335206138
2016-06-17,1.1230751181219085
2016-06-20,1.1610320494308903
2016-06-21,1.1687832048655102
2016-06-22,1.170862322861057
2016-06-23,1.1891502474054378
2016-06-27,1.0875942960917413
2016-06-28,1.1107330147547534
2016-06-29,1.1417646905336183
2016-06-30,1.1573921948759003
2016-07-01,1.1774388795570068
2016-07-04,1.1679154752193357
2016-07-05,1.1481303601152997
2016-07-06,1.132044117454585
2016-07-07,1.1490926822220007
2016-07-08,1.1653557187379038
2016-07-11,1.1867995411002554
2016-07-12,1.1904289884830388
2016-07-13,1.199231866265744
2016-07-14,1.2014097035756248
2016-07-15,1.2057073971453742
2016-07-18,1.2062705836218677
2016-07-19,1.2114013946402986
2016-07-20,1.2248058225908678
2016-07-21,1.2173962559119815
2016-07-22,1.2195049809466494
2016-07-25,1.2321915528425416
2016-07-26,1.2263582249351785
2016-07-27,1.2322452676674236
2016-07-28,1.2252106703551775
2016-07-29,1.223835141945507
2016-08-01,1.219215644999876
2016-08-02,1.2016744035806382
2016-08-03,1.1954429748813866
2016-08-04,1.2078187922055477
2016-08-05,1.2175200897695464
2016-08-08,1.231990842415473
2016-08-09,1.2540377309626476
2016-08-10,1.2479345789565406
2016-08-11,1.2538883285819549
2016-08-12,1.2510342380540105
2016-08-15,1.2580664457681012
2016-08-16,1.2487503639583126
2016-08-17,1.2297426735553154
2016-08-18,1.2416616494487285
2016-08-19,1.2331776629877327
2016-08-22,1.2278277077834625
2016-08-23,1.2360519840634028
2016-08-24,1.2424116657890423
2016-08-25,1.232152888271502
2016-08-26,1.242720757290048
2016-08-29,1.2447591755339784
2016-08-30,1.245564064031701
2016-08-31,1.2406883874965138
2016-09-01,1.2399714977674305
2016-09-02,1.2528055621339576
2016-09-05,1.2602914754501113
2016-09-06,1.259242334737611
2016-09-07,1.2613345108820064
2016-09-08,1.2554054939899288
2016-09-09,1.2423158800721466
2016-09-12,1.235471326269068
2016-09-13,1.2283924016035608
2016-09-14,1.2333715132124736
2016-09-15,1.2406869881420985
2016-09-16,1.2349874656023772
2016-09-19,1.251463790526046
2016-09-20,1.248602204683112
2016-09-21,1.2505012599514107
2016-09-22,1.2753938695635683
2016-09-23,1.2673109795209103
2016-09-26,1.2511842047884547
2016-09-27,1.25314525651049
2016-09-28,1.2580474930890337
2016-09-29,1.2618985701446364
2016-09-30,1.2673767119591355
2016-10-03,1.2677857760726907
2016-10-04,1.2793824368340203
2016-10-05,1.2752907207073505
2016-10-06,1.2745587644088365
2016-10-07,1.269331379613972
2016-10-10,1.2789396236898418
2016-10-11,1.2667397575408879
2016-10-12,1.258109132083092
2016-10-13,1.2506483704678508
2016-10-14,1.2662466459535937
2016-10-17,1.2601538929714677
2016-10-18,1.2775529098623666
2016-10-19,1.2768796977357075
2016-10-20,1.284335478581186
2016-10-21,1.2808296441926614
2016-10-24,1.2795031400799841
2016-10-25,1.265251192353205
2016-10-26,1.264355632730534
2016-10-27,1.2650959753931135
2016-10-28,1.2667200320903782
2016-10-31,1.2556569591964755
2016-11-01,1.242319731838441
2016-11-02,1.2288689475997907
2016-11-03,1.2305302027970892
2016-11-04,1.2143449514530373
2016-11-07,1.236780415446737
2016-11-08,1.2393131219013993
2016-11-09,1.2566859969696773
2016-11-10,1.2636027220884833
2016-11-11,1.2520501795476846
2016-11-14,1.2509353375972438
2016-11-15,1.2632943869825655
2016-11-16,1.26360893972331
2016-11-17,1.2724101485288264
2016-11-18,1.2798408117301838
2016-11-21,1.283709341204658
2016-11-22,1.289881826052358
2016-11-23,1.2911031457279654
2016-11-24,1.2997906589334833
2016-11-25,1.3028865059584531
2016-11-28,1.293121828503432
2016-11-29,1.2855125100451743
2016-11-30,1.293754160274598
2016-12-01,1.286939585634602
2016-12-02,1.2810119083055744
2016-12-05,1.2912750443519831
2016-12-06,1.2972975976597856
2016-12-07,1.30253297611669
2016-12-08,1.3121936137815848
2016-12-09,1.3237407439267086
2016-12-12,1.330940261028311
2016-12-13,1.3413410190010002
2016-12-14,1.3320992614228855
2016-12-15,1.3482768674014636
2016-12-16,1.347565895990096
2016-12-19,1.3390939758312879
2016-12-20,1.3338734199709363
2016-12-21,1.3312582982652261
2016-12-22,1.322681412462481
2016-12-23,1.3300875628388513
2016-12-27,1.33695115254837
2016-12-28,1.3359079765832595
2016-12-29,1.3293488768613995
2016-12-30,1.330186668211189
2017-01-02,1.3398235913738636
2017-01-03,1.344468932590866
2017-01-04,1.343425955219885
2017-01-05,1.3387447589043786
2017-01-09,1.342818686519231
2017-01-10,1.3492432375763992
2017-01-11,1.351889903013683
2017-01-12,1.3454908507361223
2017-01-13,1.3566752764103622
2017-01-16,1.3486641459988704
2017-01-17,1.341073711683916
2017-01-18,1.3513315048666372
2017-01-19,1.3495903349409637
2017-01-20,1.356003949635232
2017-01-23,1.3416181332410757
2017-01-24,1.3618914298283278
2017-01-25,1.3783833596121229
2017-01-26,1.3876109175384808
2017-01-27,1.379834848144166
2017-01-30,1.3674584289505283
2017-01-31,1.3716089226929586
2017-02-01,1.3817768770021002
2017-02-02,1.3876068580728147
2017-02-03,1.3893986081636616
2017-02-06,1.3823627226074207
2017-02-07,1.3891081077158836
2017-02-08,1.3866682648835795
2017-02-09,1.3884979521453416
2017-02-10,1.4015028298101084
2017-02-13,1.4145940173690956
2017-02-14,1.4143145274087308
2017-02-15,1.419417283845419
2017-02-16,1.4185017104184323
2017-02-17,1.4219799068807761
2017-02-20,1.43819794106089
2017-02-21,1.4513623430606464
2017-02-22,1.4492515043603695
2017-02-23,1.4511052355405711
2017-02-24,1.4334444395125951
2017-02-27,1.4363756864723662
2017-02-28,1.4418723188268812
2017-03-01,1.4613385787337534
2017-03-02,1.4507529072191307
2017-03-03,1.450649331194395
2017-03-06,1.449515071506393
2017-03-07,1.4501112623427432
2017-03-08,1.4482518993400648
2017-03-09,1.4465157518393261
2017-03-10,1.447652898776383
2017-03-13,1.4573888199956762
2017-03-14,1.4516007549740313
2017-03-15,1.455261923695852
2017-03-16,1.4606162310281936
2017-03-17,1.4600634701734003
2017-03-20,1.4623763559913525
2017-03-21,1.4457884355671473
2017-03-22,1.439475555358351
2017-03-23,1.4566805234981508
2017-03-24,1.454265387076281
2017-03-27,1.4379305004090226
2017-03-28,1.443676951341497
2017-03-29,1.4523296845645726
2017-03-30,1.4571687386559051
2017-03-31,1.467826901367222
2017-04-03,1.4592940993178458
2017-04-04,1.4621727212452684
2017-04-05,1.4658902049362448
2017-04-06,1.478933561967066
2017-04-07,1.4869550105405565
2017-04-10,1.4886130223331948
2017-04-11,1.486688449426035
2017-04-12,1.4939620473519915
2017-04-13,1.4977687956071053
2017-04-18,1.4862959779679128
2017-04-19,1.495406688641448
2017-04-20,1.5046276096798052
2017-04-21,1.5168311116700428
2017-04-24,1.5492779187774066
2017-04-25,1.5556916228078337
2017-04-26,1.5695948367234764
2017-04-27,1.56752743250352
2017-04-28,1.586637059672608
2017-05-02,1.5932553414956938
2017-05-03,1.588721773791297
2017-05-04,1.5964379676748364
2017-05-05,1.60024772731521
2017-05-08,1.5921817468616355
2017-05-09,1.607221057812446
2017-05-10,1.6065013477687449
2017-05-11,1.6119829255479141
2017-05-12,1.6107597293269862
2017-05-15,1.6120248115462654
2017-05-16,1.6106900692204027
2017-05-17,1.5853699675026132
2017-05-18,1.5684489620547255
2017-05-19,1.5814094048496827
2017-05-22,1.5812271734885222
2017-05-23,1.591677911628261
2017-05-24,1.5925116144364981
2017-05-26,1.5956377177145191
2017-05-29,1.590749193676999
2017-05-30,1.60428198353423
2017-05-31,1.6040477949619059
2017-06-01,1.612105774848879
2017-06-02,1.6255482663017176
2017-06-05,1.624655002015649
2017-06-06,1.624655002015649
2017-06-07,1.6306999541212175
2017-06-08,1.6343776220285875
2017-06-09,1.645859035692844
2017-06-12,1.6190156728563048
2017-06-13,1.639297205571861
2017-06-14,1.6424623405088548
2017-06-15,1.5997899120768568
2017-06-16,1.6235400198209107
2017-06-19,1.6349789665172187
2017-06-20,1.6265430744445422
2017-06-21,1.6286775849776722
2017-06-22,1.634731318521884
2017-06-23,1.634731318521884
2017-06-26,1.6280107260061054
2017-06-27,1.6140415819645701
2017-06-28,1.6151235371376877
2017-06-29,1.590285635340511
2017-06-30,1.5895314690210036
2017-07-03,1.6083545921361726
2017-07-04,1.5977632868778031
2017-07-05,1.6027485120834883
2017-07-06,1.5944181976071692
2017-07-07,1.596849820806608
2017-07-10,1.6058407922263314
2017-07-11,1.6037096100597674
2017-07-12,1.627591058399716
2017-07-13,1.6240202064220823
2017-07-14,1.6345763921681618
2017-07-17,1.6289547904816277
2017-07-18,1.6064393611868253
2017-07-19,1.6104016594808166
2017-07-20,1.608540516193679
2017-07-21,1.5940323922009303
2017-07-24,1.5809246048534267
2017-07-25,1.5869867544430127
2017-07-26,1.595180736597142
2017-07-27,1.5859359531976507
2017-07-28,1.5669316170649694
2017-07-31,1.5603257228656422
2017-08-01,1.5811825365900167
2017-08-02,1.5792365573431
2017-08-03,1.5797940065524676
2017-08-04,1.5919206447266936
2017-08-07,1.5989473823283544
2017-08-08,1.6078511178952335
2017-08-09,1.5937084275924565
2017-08-10,1.5751280246072967
2017-08-11,1.552047937510757
2017-08-14,1.5677262851990956
2017-08-15,1.5568158643559096
2017-08-16,1.568204664794849
2017-08-17,1.5591107727296873
2017-08-18,1.5497801760730892
2017-08-21,1.5401530905056975
2017-08-22,1.5605817223506688
2017-08-23,1.5575692775113223
2017-08-24,1.5542218257077989
2017-08-25,1.5554682162617508
2017-08-28,1.5455640520453302
2017-08-29,1.5266169548679132
2017-08-30,1.5395349825849391
2017-08-31,1.5555317131118225
2017-09-01,1.5718339689885155
2017-09-04,1.569070535899742
2017-09-05,1.5606186196653664
2017-09-06,1.5533143598217236
2017-09-07,1.5663393166238628
2017-09-08,1.5678341088550722
2017-09-11,1.5860422057979864
2017-09-12,1.5944251969723082
2017-09-13,1.5950249082689676
2017-09-14,1.600488681773634
2017-09-15,1.589581242068091
2017-09-18,1.6008073186208798
2017-09-19,1.6012958829531425
2017-09-20,1.606050909521899
2017-09-21,1.6141037715814053
2017-09-22,1.6227756915040392
2017-09-25,1.6216230061248127
2017-09-26,1.6219633557325381
2017-09-27,1.6330282154016689
2017-09-28,1.6411791814478474
2017-09-29,1.6605550139100012
2017-10-02,1.6686438337109142
2017-10-03,1.6721913460654083
2017-10-04,1.672840260677844
2017-10-05,1.6791960822221597
2017-10-06,1.667315100138922
2017-10-09,1.6650642358537906
2017-10-10,1.6665702950629997
2017-10-11,1.6662615510794758
2017-10-12,1.6739121084234383
2017-10-13,1.6829589377993308
2017-10-16,1.6771348549268532
2017-10-17,1.6732050266479397
2017-10-18,1.6807910654944542
2017-10-19,1.6759422585040453
2017-10-20,1.690675492674832
2017-10-23,1.6949033088866117
2017-10-24,1.6839644334174912
2017-10-25,1.6952855391029855
2017-10-26,1.729482204427297
2017-10-27,1.7468115679404626
2017-10-30,1.73972110933321
2017-10-31,1.7538598796936464
2017-11-01,1.7577673931267899
2017-11-02,1.757148075345513
2017-11-03,1.7696284709600525
2017-11-06,1.7637715331157326
2017-11-07,1.750335572533719
2017-11-08,1.728610568304634
2017-11-09,1.7048682727187174
2017-11-10,1.6980221886053826
2017-11-13,1.688831556633332
2017-11-14,1.6893169136589643
2017-11-15,1.6802291887986938
2017-11-16,1.6998626494767204
2017-11-17,1.691201400018794
2017-11-20,1.6965278954007164
2017-11-21,1.6912515006538327
2017-11-22,1.6730910939410772
2017-11-23,1.6782552877181582
2017-11-24,1.6775530989508647
2017-11-27,1.6695247792364296
2017-11-28,1.676553246193785
2017-11-29,1.6647079052726672
2017-11-30,1.6555220010132028
2017-12-01,1.640973483642362
2017-12-04,1.6628395059136778
2017-12-05,1.6536204417637694
2017-12-06,1.6399996568023842
2017-12-07,1.6412415325454597
2017-12-08,1.6534568956530926
2017-12-11,1.6618522268241358
2017-12-12,1.6718705843794472
2017-12-13,1.6733945251794653
2017-12-14,1.6685752573229904
2017-12-15,1.660983922176426
2017-12-18,1.6867786903177724
2017-12-19,1.684973665800812
2017-12-20,1.6807518172795803
2017-12-21,1.693286575986917
2017-12-22,1.688268295513539
2017-12-27,1.679335540696762
2017-12-28,1.672047420514303
2017-12-29,1.6633093152032552
2018-01-02,1.6615012097698973
2018-01-03,1.6813526103328007
2018-01-04,1.69956935068223
2018-01-05,1.7092141879844693
2018-01-08,1.718583640921597
2018-01-09,1.7355282670485934
2018-01-10,1.7324129440358067
2018-01-11,1.7324682972970427
2018-01-12,1.740116650388053
2018-01-15,1.7390445423248009
2018-01-16,1.732742277666665
2018-01-17,1.7276091616405362
2018-01-18,1.733889875653916
2018-01-19,1.7520040523923122
2018-01-22,1.7488729068593722
2018-01-23,1.7495282393256915
2018-01-24,1.7481611458670343
2018-01-25,1.7214047531470282
2018-01-26,1.7327180448839028
2018-01-29,1.720802325725088
2018-01-30,1.7062926069452158
2018-01-31,1.7085840003177957
2018-02-01,1.7168295593674834
2018-02-02,1.6869514125973455
2018-02-05,1.65234294230034
2018-02-06,1.6210617698740544
2018-02-07,1.6698401321695806
2018-02-08,1.631463911776972
2018-02-09,1.6110105552056875
2018-02-12,1.6349792351508752
2018-02-13,1.6298220935289196
2018-02-14,1.6539171547003746
2018-02-15,1.6394585401834136
2018-02-16,1.6606876503644223
2018-02-19,1.6563517661997258
2018-02-20,1.6811131693481884
2018-02-21,1.6869013960348254
2018-02-22,1.6848982031974855
2018-02-23,1.68725536389796
2018-02-26,1.6907353976835002
2018-02-27,1.6914113321850321
2018-02-28,1.6843813484857415
2018-03-01,1.6640195155449027
2018-03-02,1.6269003800029835
2018-03-05,1.647700183950072
2018-03-06,1.662664705788914
2018-03-07,1.6625868539748259
2018-03-08,1.691490367191743
2018-03-09,1.6986642176056332
2018-03-12,1.7003808649996075
2018-03-13,1.6898514024505598
2018-03-14,1.6955190072268542
2018-03-15,1.6990908603183457
2018-03-16,1.688839687772888
2018-03-19,1.6631166744328014
2018-03-20,1.6708406825139828
2018-03-21,1.6656396465987044
2018-03-22,1.6307303433693998
2018-03-23,1.636337806163913
2018-03-26,1.6216905121484648
2018-03-27,1.6432825755952354
2018-03-28,1.6447298022165184
2018-03-29,1.6353960550020474
2018-04-03,1.6176849953619563
2018-04-04,1.5949359935753027
2018-04-05,1.6341581320301306
2018-04-06,1.627143723315734
2018-04-09,1.6253934023407333
2018-04-10,1.641802093579258
2018-04-11,1.6274435571745738
2018-04-12,1.6508548247263126
2018-04-13,1.657301246886113
2018-04-16,1.6548983989583244
2018-04-17,1.6750687473508052
2018-04-18,1.689762137613086
2018-04-19,1.743677682140323
2018-04-20,1.7400433365666603
2018-04-23,1.7511551667000138
2018-04-24,1.722757104602681
2018-04-25,1.7066095269588546
2018-04-26,1.7280143412674864
2018-04-27,1.729211018025597
2018-04-30,1.7216681461551322
2018-05-02,1.729582364047751
2018-05-03,1.7128340361802212
2018-05-04,1.7170098982298465
2018-05-07,1.7381216126123364
2018-05-08,1.7465942388887927
2018-05-09,1.7570166856664942
2018-05-11,1.7501262882742807
2018-05-14,1.7422143026090926
2018-05-15,1.752742790433849
2018-05-16,1.7588539541914918
2018-05-17,1.7679681355926273
2018-05-18,1.767134412592854
2018-05-21,1.7805841860117215
2018-05-22,1.767469433718558
2018-05-23,1.74893554552087
2018-05-24,1.7450871215617518
2018-05-25,1.7417848305970842
2018-05-28,1.740615350342158
2018-05-29,1.7404778150319946
2018-05-30,1.7354353481148288
2018-05-31,1.729722009807186
2018-06-01,1.7505758324854044
2018-06-04,1.7503767201835057
2018-06-05,1.7491081472916268
2018-06-06,1.7491081472916268
2018-06-07,1.7457541295174055
2018-06-08,1.747568608643308
2018-06-11,1.7550999879108984
2018-06-12,1.7478342123502628
2018-06-13,1.7506488913624658
2018-06-14,1.768385419741545
2018-06-15,1.7478526472725378
2018-06-18,1.735046444891578
2018-06-19,1.7257268989974306
2018-06-20,1.7278320692848286
2018-06-21,1.7107736625803787
2018-06-22,1.7107736625803787
2018-06-25,1.6865938635424629
2018-06-26,1.685157090304058
2018-06-27,1.6993693465526045
2018-06-28,1.6886674490719102
2018-06-29,1.724437537473284
2018-07-02,1.7068997792346332
2018-07-03,1.703665824446874
2018-07-04,1.6840967277457963
2018-07-05,1.6905191330560525
2018-07-06,1.684180616414156
2018-07-09,1.7060376602257807
2018-07-10,1.7244831228070605
2018-07-11,1.701858471739847
2018-07-12,1.7206379583045843
2018-07-13,1.7318015432334817
2018-07-16,1.7350095751633028
2018-07-17,1.7461516439910498
2018-07-18,1.7854853965779063
2018-07-19,1.8064609459972643
2018-07-20,1.796070396217448
2018-07-23,1.803453822472363
2018-07-24,1.8353376727572082
2018-07-25,1.8283925093239157
2018-07-26,1.8421505329299221
2018-07-27,1.8480229820514145
2018-07-30,1.8412780320229876
2018-07-31,1.8467745582264097
2018-08-01,1.8348547157344723
2018-08-02,1.8194355017416086
2018-08-03,1.8295597341837904
2018-08-06,1.8252191008847383
2018-08-07,1.8308041407586908
2018-08-08,1.8333046707802727
2018-08-09,1.8452582719422457
2018-08-10,1.8346102470232473
2018-08-13,1.8320942868862582
2018-08-14,1.8282947814739996
2018-08-15,1.8062833875359463
2018-08-16,1.825298241588967
2018-08-17,1.8402222086296331
2018-08-20,1.8533620467276084
2018-08-21,1.84778328624432
2018-08-22,1.8646242296509543
2018-08-23,1.8682244913748052
2018-08-24,1.8716667754984708
2018-08-27,1.895287017615408
2018-08-28,1.9094936722660152
2018-08-29,1.911120125192893
2018-08-30,1.912228977919116
2018-08-31,1.8949727863735761
2018-09-03,1.8952506925283479
2018-09-04,1.8729991886454078
2018-09-05,1.847905509239544
2018-09-06,1.8419539819662054
2018-09-07,1.8303730155357176
2018-09-10,1.8372018334619866
2018-09-11,1.837735576008629
2018-09-12,1.8371312968304303
2018-09-13,1.8425572043957887
2018-09-14,1.865669747978702
2018-09-17,1.860311494698661
2018-09-18,1.8471780682740462
2018-09-19,1.8541371186146036
2018-09-20,1.8655603334783413
2018-09-21,1.8767790710501937
2018-09-24,1.867407707383389
2018-09-25,1.8671418737242818
2018-09-26,1.8600294742838572
2018-09-27,1.8625994340272376
2018-09-28,1.8694318481153085
2018-10-01,1.8775418485276874
2018-10-02,1.8682544093214657
2018-10-03,1.886823141756671
2018-10-04,1.864456837037405
2018-10-05,1.8443663801497021
2018-10-08,1.8241856688662235
2018-10-09,1.8258194923345339
2018-10-10,1.7727707588464214
2018-10-11,1.737153091047355
2018-10-12,1.7222073800514575
2018-10-15,1.704439807703617
2018-10-16,1.7354955869927289
2018-10-17,1.7355344708201546
2018-10-18,1.7288235805548633
2018-10-19,1.7093074658200385
2018-10-22,1.7081860693095399
2018-10-23,1.6616575303168086
2018-10-24,1.6420313508555078
2018-10-25,1.6603787049658012
2018-10-26,1.668377744481384
2018-10-29,1.6890680278306764
2018-10-30,1.7101146261823401
2018-10-31,1.7503598563130456
2018-11-01,1.7380137073749211
2018-11-02,1.7651103128579981
2018-11-05,1.7315444920133503
2018-11-06,1.727212766174217
2018-11-07,1.7183188013061526
2018-11-08,1.7194839997261586
2018-11-09,1.7044215936246585
2018-11-12,1.682151361465967
2018-11-13,1.6774761645599667
2018-11-14,1.6610604775842848
2018-11-15,1.641981766309367
2018-11-16,1.6558785345391285
2018-11-19,1.6320708605810863
2018-11-20,1.6018690388903942
2018-11-21,1.6243731302533833
2018-11-22,1.6168780693228548
2018-11-23,1.6216874257700944
2018-11-26,1.6405178392484807
2018-11-27,1.6303493532747741
2018-11-28,1.627408951373642
2018-11-29,1.6468827813476132
2018-11-30,1.6507130248964148
2018-12-03,1.6729734080347476
2018-12-04,1.6515228443775134
2018-12-05,1.6156880798406585
2018-12-06,1.5583811515154162
2018-12-07,1.575714486137341
2018-12-10,1.5565473833989834
2018-12-11,1.5827472258568658
2018-12-12,1.6169805334204546
2018-12-13,1.606215303334016
2018-12-14,1.592492328958992
2018-12-17,1.5749365113558405
2018-12-18,1.5719135097988912
2018-12-19,1.5761056053206213
2018-12-20,1.5448447697645475
2018-12-21,1.533637470829506
2018-12-27,1.5104813959948271
2018-12-28,1.5377297223047413
2019-01-02,1.5402333312126428
2019-01-03,1.5141305303026023
2019-01-04,1.567172058483721
2019-01-07,1.583755943104624
2019-01-08,1.6018611204980877
2019-01-09,1.6229445394618147
2019-01-10,1.6280631011369253
2019-01-11,1.6176183668814599
2019-01-14,1.612449246126999
2019-01-15,1.60831285808247
2019-01-16,1.6355865837629422
2019-01-17,1.6417029640038683
2019-01-18,1.6692953401717443
2019-01-21,1.6683300089404327
2019-01-22,1.6514805709334581
2019-01-23,1.642581796228886
2019-01-24,1.647017864686349
2019-01-25,1.6580794329447293
2019-01-28,1.6456665624557658
2019-01-29,1.670736535718771
2019-01-30,1.681549633031285
2019-01-31,1.6777967095576476
2019-02-01,1.6898582160518092
2019-02-04,1.699524962483596
2019-02-05,1.7164946853117915
2019-02-06,1.7360377815153774
2019-02-07,1.7079733556135932
2019-02-08,1.705944633412514
2019-02-11,1.7218543062324614
2019-02-12,1.72281826305013
2019-02-13,1.735988423234266
2019-02-14,1.7606017247375574
2019-02-15,1.7967009595019061
2019-02-18,1.7978168439314324
2019-02-19,1.8007097720237695
2019-02-20,1.8161690494450382
2019-02-21,1.8095455410408228
2019-02-22,1.8310555129102548
2019-02-25,1.830985036940784
2019-02-26,1.8362653684393317
2019-02-27,1.8282947902003066
2019-02-28,1.8200506157296943
2019-03-01,1.8330657296337391
2019-03-04,1.8526854860571873
2019-03-05,1.854506528651569
2019-03-06,1.8408479871737318
2019-03-07,1.8073780932432446
2019-03-08,1.7969261865808928
2019-03-11,1.8137744426385645
2019-03-12,1.8115760441238606
2019-03-13,1.8178798344756215
2019-03-14,1.8259614886723625
2019-03-15,1.8322383374800117
2019-03-18,1.841030595976195
2019-03-19,1.8606154493802383
2019-03-20,1.8479727444871419
2019-03-21,1.8465071857089121
2019-03-22,1.8153437786673223
2019-03-25,1.8114435586042055
2019-03-26,1.8095592165946255
2019-03-27,1.8151139090543398
2019-03-28,1.825676620286699
2019-03-29,1.8332775029697528
2019-04-01,1.8679391548244193
2019-04-02,1.8788407513464065
2019-04-03,1.9196487687959654
2019-04-04,1.9031446363379556
2019-04-05,1.9115872196820343
2019-04-08,1.9119213232289876
2019-04-09,1.8976713390609539
2019-04-10,1.9195070491841166
2019-04-11,1.9240437688359782
2019-04-12,1.9459379566232824
2019-04-15,1.9327631425553526
2019-04-16,1.942751769590065
2019-04-17,1.9504996089419544
2019-04-18,1.9651827992366286
2019-04-23,1.9702340472355964
2019-04-24,1.9775885817471932
2019-04-25,2.036626538463723
2019-04-26,2.069889803847787
2019-04-29,2.073523193268138
2019-04-30,2.0743591540891315
2019-05-02,2.048709470137719
2019-05-03,2.0606112964275365
2019-05-06,2.033901805119755
2019-05-07,1.9940419777017604
2019-05-08,2.0057781857091816
2019-05-09,1.9710803704407478
2019-05-10,1.9815672341781487
2019-05-13,1.9384467579164792
2019-05-14,1.9660844160032271
2019-05-15,1.9721062317839433
2019-05-16,2.009829177851704
2019-05-17,1.9993470295819098
2019-05-20,1.9748364782978538
2019-05-21,2.0028820069511224
2019-05-22,1.9963542521705193
2019-05-23,1.953915078246254
2019-05-24,1.96711752647954
2019-05-27,1.9638172180150042
2019-05-28,1.9692857361612555
2019-05-29,1.9345934696954403
2019-05-31,1.9059794072483838
2019-06-03,1.9156641098278868
2019-06-04,1.9520249136829357
2019-06-05,1.9561995344611605
2019-06-07,1.9886004532528043
2019-06-11,2.0223280276538045
2019-06-12,2.018345106348297
2019-06-13,2.027086661783637
2019-06-14,2.0148810429736885
2019-06-18,2.0394526558374917
2019-06-19,2.0342665628303203
2019-06-20,2.0449506326990616
2019-06-24,2.023822712898926
2019-06-25,2.0425912394811867
2019-06-26,2.0396429512047427
2019-06-27,2.0433465137760427
2019-06-28,2.0563601687677093
2019-07-01,2.087317841377197
2019-07-02,2.086376880136775
2019-07-03,2.0964034186366396
2019-07-04,2.0946484056356947
2019-07-05,2.0698046243551738
2019-07-08,2.0777081918050544
2019-07-09,2.0652142095545702
2019-07-10,2.062450280856801
2019-07-11,2.04105830945083
2019-07-12,2.052743073376756
2019-07-15,2.068093334149024
2019-07-16,2.062810437697604
2019-07-17,2.0378038161057037
2019-07-18,2.0188558183590306
2019-07-19,2.0768926745466705
2019-07-22,2.0834535113799317
2019-07-23,2.1134219216389254
2019-07-24,2.1051238614031065
2019-07-25,2.0804019143613948
2019-07-26,2.0873240579662133
2019-07-29,2.0892880250034738
2019-07-30,2.062844006301218
2019-07-31,2.0617516554082393
2019-08-01,2.0716770709848573
2019-08-02,2.017335291253437
2019-08-06,1.9387787617155015
2019-08-07,1.932271086203432
2019-08-08,1.9547025258571433
2019-08-09,1.929097672885891
2019-08-12,1.9209228987925848
2019-08-13,1.9334198298697909
2019-08-14,1.875621948222292
2019-08-15,1.8642742752761412
2019-08-16,1.8828056718832906
2019-08-19,1.9128080187889986
2019-08-20,1.914043631104975
2019-08-21,1.9320250392116258
2019-08-22,1.9218646887753243
2019-08-23,1.9072157383528046
2019-08-26,1.9039269054199386
2019-08-27,1.91406913705034
2019-08-28,1.9098051858233185
2019-08-29,1.9469644738306051
2019-08-30,1.9699914366240532
2019-09-02,1.9703045574712117
2019-09-03,1.9713888483631514
2019-09-04,1.9957953283053314
2019-09-05,2.035426453444467
2019-09-06,2.0387165631786255
2019-09-09,2.026749921398737
2019-09-10,2.0314390955891417
2019-09-11,2.0499843373129867
2019-09-12,2.055189634781604
2019-09-13,2.088126165527472
2019-09-16,2.0698461464528255
2019-09-17,2.062419423609131
2019-09-18,2.088886351643023
2019-09-19,2.085821501669797
2019-09-20,2.0841750264368573
2019-09-23,2.0414099420767786
2019-09-24,2.0428891513855474
2019-09-25,2.0187114513167432
2019-09-26,2.034154388640362
2019-09-27,2.0487428791190876
2019-09-30,2.0457005943676765
2019-10-01,2.0281012264865725
2019-10-02,1.9790097812220253
2019-10-03,1.971424617368793
2019-10-04,1.9799731350479186
2019-10-07,2.0097770598957907
2019-10-08,2.013460997119128
2019-10-09,2.029411412032741
2019-10-10,2.049443313567362
2019-10-11,2.07526230245243
2019-10-14,2.0750957785594997
2019-10-15,2.0978537997079774
2019-10-16,2.1049784537340974
2019-10-17,2.115327520703992
2019-10-18,2.1297111503516764
2019-10-21,2.159751296107353
2019-10-22,2.1732296763300973
2019-10-23,2.17142713895958
2019-10-24,2.2212520153120923
2019-10-25,2.2445002708534796
2019-10-28,2.2485958167953055
2019-10-29,2.232857697451112
2019-10-30,2.248885373138323
2019-10-31,2.235337315823757
2019-11-01,2.2526733109418986
2019-11-04,2.294270647775025
2019-11-05,2.2847517807525546
2019-11-06,2.2798609455485894
2019-11-07,2.2872385588295767
2019-11-08,2.3115523338519366
2019-11-11,2.318809386798669
2019-11-12,2.3380598573742377
2019-11-13,2.3212562007153257
2019-11-14,2.3254233689809003
2019-11-15,2.338423189484849
2019-11-18,2.3301842106874773
2019-11-19,2.3350615668303414
2019-11-20,2.320028170277049
2019-11-21,2.3061436728848714
2019-11-22,2.322555971313666
2019-11-25,2.3478526854751194
2019-11-26,2.3586760494436225
2019-11-27,2.3453780168052205
2019-11-28,2.3427447797707344
2019-11-29,2.3403374989056553
2019-12-02,2.3212964490528005
2019-12-03,2.3069014222262814
2019-12-04,2.364391313202967
2019-12-05,2.366443711115882
2019-12-06,2.392125715626629
2019-12-09,2.392728248176549
2019-12-10,2.387497535351875
2019-12-11,2.407125024563842
2019-12-12,2.416853776180537
2019-12-13,2.441371631512143
2019-12-16,2.4670368239399236
2019-12-17,2.4744426221537066
2019-12-18,2.4736895014212354
2019-12-19,2.483461987379969
2019-12-20,2.5096564680497435
2019-12-23,2.5142705014198947
2019-12-27,2.5155252120880522
2019-12-30,2.48694917698827
2020-01-02,2.546980941789401
2020-01-03,2.521158491573144
2020-01-07,2.5271484901001986
2020-01-08,2.547229690400752
2020-01-09,2.5544757463011654
2020-01-10,2.5804055658792353
2020-01-13,2.5823080861103596
2020-01-14,2.592371535296769
2020-01-15,2.598100978554882
2020-01-16,2.6166037790392798
2020-01-17,2.631283689922807
2020-01-20,2.633060998059069
2020-01-21,2.6299037246595534
2020-01-22,2.6302743526862367
2020-01-23,2.5741186121585353
2020-01-24,2.6082811012079454
2020-01-27,2.556719143012191
2020-01-28,2.5546963021232387
2020-01-29,2.55753933219513
2020-01-30,2.5343540501627038
2020-01-31,2.5226415463926033
2020-02-03,2.5216400876476013
2020-02-04,2.5932195926329413
2020-02-05,2.6393109256344176
2020-02-06,2.6202435254459977
2020-02-07,2.602173523475343
2020-02-10,2.6314277906973698
2020-02-11,2.6966365179546954
2020-02-12,2.79341407009708
2020-02-13,2.81894483614456
2020-02-14,2.8180234109112114
2020-02-17,2.8476145344404906
2020-02-18,2.851841166712433
2020-02-19,2.898194228824267
2020-02-20,2.942196713780009
2020-02-21,2.932896779531232
2020-02-24,2.7943928113008165
2020-02-25,2.743699705613296
2020-02-26,2.769301745808029
2020-02-27,2.628161148071399
2020-02-28,2.5395832315507234
2020-03-02,2.5765894102445723
2020-03-03,2.631203222006557
2020-03-04,2.6511744170195994
2020-03-05,2.619322422047366
2020-03-06,2.5636489309635815
2020-03-09,2.452521790849511
2020-03-10,2.420894904772333
2020-03-11,2.3628574948496692
2020-03-12,2.1290404387621384
2020-03-13,2.177175401965589
2020-03-16,2.1238193822446587
2020-03-17,2.1579948038724353
2020-03-18,2.052673169453891
2020-03-19,2.067058528084846
2020-03-20,2.1496869620584365
2020-03-23,2.017531421467584
2020-03-24,2.13158724438081
2020-03-25,2.1748134708938314
2020-03-26,2.216550450968805
2020-03-27,2.179566023598068
2020-03-30,2.3017278553245455
2020-03-31,2.3459139630346626
2020-04-01,2.2858603699858278
2020-04-02,2.2607002439270683
2020-04-03,2.2741848818765242
2020-04-06,2.4059109544455226
2020-04-07,2.4884885083214963
2020-04-08,2.535404065858471
2020-04-09,2.570296945106134
2020-04-14,2.692303876023915
2020-04-15,2.618317565112737
2020-04-16,2.622917556925041
2020-04-17,2.720511527535085
2020-04-20,2.721886090087118
2020-04-21,2.6820924738478196
2020-04-22,2.713408512249648
2020-04-23,2.747176394289368
2020-04-24,2.6727190124161977
2020-04-27,2.727050239468857
2020-04-28,2.727749263196239
2020-04-29,2.7586111003044005
2020-04-30,2.7569482537920567
2020-05-04,2.680431702665868
2020-05-05,2.742847127285878
2020-05-06,2.7603148966186084
2020-05-07,2.817878716290201
2020-05-08,2.883912309993372
2020-05-11,2.9066883923240265
2020-05-12,2.900020729758428
2020-05-13,2.8726203533577404
2020-05-14,2.7962404303816677
2020-05-15,2.831238259449762
2020-05-18,2.9482537597344765
2020-05-19,3.014450699063315
2020-05-20,3.018801027319005
2020-05-22,3.0371844012317912
2020-05-25,3.114160814806852
2020-05-26,3.1654972336476543
2020-05-27,3.0808593038525838
2020-05-28,3.14809907485118
2020-05-29,3.151870667810373
2020-06-01,3.196440630416747
2020-06-02,3.245322229340006
2020-06-03,3.317256583233267
2020-06-04,3.276152325818414
2020-06-05,3.295374941773828
2020-06-08,3.2418610730720427
2020-06-09,3.2226701240217563
2020-06-10,3.2432098264592195
2020-06-11,3.131457030688071
2020-06-12,3.084662706606189
2020-06-15,3.1360940481445185
2020-06-16,3.230639699668548
2020-06-17,3.27483158210769
2020-06-18,3.31408681989489
2020-06-22,3.3196677354289292
2020-06-23,3.3849945004166475
2020-06-24,3.265641269385245
2020-06-25,3.264477898802288
2020-06-26,3.295470857764114
2020-06-29,3.269252577232872
2020-06-30,3.2724377829424873
2020-07-01,3.396997847209238
2020-07-02,3.4637035103214506
2020-07-03,3.5065556254729677
2020-07-06,3.5453460363990197
2020-07-07,3.5710281081379707
2020-07-08,3.522454957037732
2020-07-09,3.5250732197793093
2020-07-10,3.5230227278120987
2020-07-13,3.6152855392373664
2020-07-14,3.5671806963262664
2020-07-15,3.6022769881984695
2020-07-16,3.576713157289176
2020-07-17,3.6115841295828677
2020-07-20,3.6769888422504433
2020-07-21,3.517826938390529
2020-07-22,3.55797886184164
2020-07-23,3.572328398019775
2020-07-24,3.4284678278352616
2020-07-27,3.424579018184335
2020-07-28,3.3809495130387193
2020-07-29,3.4229554858959683
2020-07-30,3.362205267434796
2020-07-31,3.3681488864677576
2020-08-03,3.5153028858238615
2020-08-04,3.4795414239456615
2020-08-05,3.5102692304749743
2020-08-06,3.5170392791780656
2020-08-07,3.5323154895458866
2020-08-10,3.4703057941052347
2020-08-11,3.522504039995681
2020-08-12,3.4962343848527553
2020-08-13,3.5333006557905544
2020-08-14,3.5006642073984593
2020-08-17,3.5682856992113474
2020-08-18,3.528027615035259
2020-08-19,3.565385579761386
2020-08-20,3.550949444997489
2020-08-21,3.5766787290213014
2020-08-24,3.621390541174106
2020-08-25,3.6415349911240282
2020-08-26,3.6863761635004564
2020-08-27,3.668453356092082
2020-08-28,3.6658609999317955
2020-08-31,3.66094031137848
2020-09-01,3.66748252190912
2020-09-02,3.672584963899232
2020-09-03,3.5228778096029187
2020-09-04,3.442863317164129
2020-09-07,3.5069461003386397
2020-09-08,3.4393524024875832
2020-09-09,3.480919425368134
2020-09-10,3.440910579211637
2020-09-11,3.450999411953265
2020-09-14,3.481289999570446
2020-09-15,3.516272635004719
2020-09-16,3.564719393909427
2020-09-17,3.5444758354343984
2020-09-18,3.581255329348514
2020-09-21,3.455971979003565
2020-09-22,3.446657778307205
2020-09-23,3.451621293852331
2020-09-24,3.4591514068539806
2020-09-25,3.483534631709556
2020-09-28,3.589122093228881
2020-09-29,3.613846094478381
2020-09-30,3.5578558971685608
2020-10-01,3.6040745489568975
2020-10-02,3.6976712246138264
2020-10-05,3.79396743760192
2020-10-06,3.776741090071544
2020-10-07,3.836333328584731
2020-10-08,3.84943285807447
2020-10-09,3.9628098720356544
2020-10-12,3.994690614920403
2020-10-13,3.9258887858901743
2020-10-14,3.901256694046459
2020-10-15,3.829291236188858
2020-10-16,3.8454964198628803
2020-10-19,3.830655600675973
2020-10-20,3.808444885094764
2020-10-21,3.7796363509562148
2020-10-22,3.750203615604089
2020-10-23,3.760315907887748
2020-10-26,3.644763707375999
2020-10-27,3.671060721312343
2020-10-28,3.567901834369802
2020-10-29,3.5567361147549166
2020-10-30,3.6184132992527656
2020-11-02,3.617536716955054
2020-11-03,3.706497643971731
2020-11-04,3.8383598752096986
2020-11-05,3.8961925366223946
2020-11-06,3.918346081140179
2020-11-09,3.8512488053938436
2020-11-10,3.765865126710283
2020-11-11,3.8354499283607293
2020-11-12,3.832387075781497
2020-11-13,3.8612693865903456
2020-11-16,3.870046058222304
2020-11-17,3.875185416861941
2020-11-18,3.882780809351916
2020-11-19,3.868916288850229
2020-11-20,3.9098539130788956
2020-11-23,3.866987622657389
2020-11-24,3.8548225695963287
2020-11-25,3.857027919736724
2020-11-26,3.88445883551
2020-11-27,4.001130017149859
2020-11-30,4.125940043028669
2020-12-01,4.112112688093236
2020-12-02,4.1091160360504775
2020-12-03,4.139510460614826
2020-12-04,4.095826325137887
2020-12-07,4.089307835713771
2020-12-08,4.162276869052196
2020-12-09,4.179376144460517
2020-12-10,4.211101814407121
2020-12-11,4.253902060958618
2020-12-14,4.309628440494572
2020-12-15,4.308600822224009
2020-12-16,4.29705486681124
2020-12-17,4.2848196012634645
2020-12-18,4.288468467624006
2020-12-21,4.233053395409033
2020-12-22,4.267507676606755
2020-12-23,4.295663209481712
2020-12-28,4.421142297969722
2020-12-29,4.428129409533159
2020-12-30,4.451714646326672
2021-01-04,4.469225448479348
2021-01-05,4.4965814984433115
2021-01-07,4.4648329038073005
2021-01-08,4.477480058221831
2021-01-11,4.444229732881626
2021-01-12,4.466729335573414
2021-01-13,4.465631526150545
2021-01-14,4.49160181479439
2021-01-15,4.441612879839482
2021-01-18,4.480603051141453
2021-01-19,4.4911169825022075
2021-01-20,4.572951954599321
2021-01-21,4.621086155648155
2021-01-22,4.608620099171434
2021-01-25,4.646972813456907
2021-01-26,4.59712485742799
2021-01-27,4.489905076620084
2021-01-28,4.4989519456915605
2021-01-29,4.411752059463003
2021-02-01,4.541975162960747
2021-02-02,4.603902828792851
2021-02-03,4.668994419108707
2021-02-04,4.677156538052292
2021-02-05,4.713221914422499
2021-02-08,4.780207981964594
2021-02-09,4.77316878936611
2021-02-10,4.8323619677985485
2021-02-11,4.963702125164828
2021-02-12,5.0371547311844305
2021-02-15,5.115699686932881
2021-02-16,5.099501040174959
2021-02-17,5.17392265822136
2021-02-18,5.113357952658713
2021-02-19,5.290391929056457
2021-02-22,5.372647582559417
2021-02-23,5.208809829893789
2021-02-24,5.184042234629567
2021-02-25,5.196601538831308
2021-02-26,5.0879032452911055
2021-03-01,5.2165253878134745
2021-03-02,5.327105084779821
2021-03-03,5.319674493813902
2021-03-04,5.131060841224741
2021-03-05,4.964444601625866
2021-03-08,5.012115235142803
2021-03-09,5.214625513504651
2021-03-10,5.160008306191226
2021-03-11,5.346842071747406
2021-03-12,5.298545960577463
2021-03-15,5.313255074059563
2021-03-16,5.4308878962082705
2021-03-17,5.361717657625712
2021-03-18,5.417868162126809
2021-03-19,5.498937193203601
2021-03-22,5.529684746676723
2021-03-23,5.607136103613979
2021-03-24,5.6226110543023005
2021-03-25,5.617166580412348
2021-03-26,5.720605234655761
2021-03-29,5.614952245074363
2021-03-30,5.63744445121477
2021-03-31,5.692578361746958
2021-04-01,5.693639204916753
2021-04-06,5.8291808094760365
2021-04-07,5.871357055696942
2021-04-08,5.952919835757948
2021-04-09,5.996678975734065
2021-04-12,5.9662757277550895
2021-04-13,6.1188597901520865
2021-04-14,6.078100412866408
2021-04-15,6.169530131435841
2021-04-16,6.176886462990985
2021-04-19,6.141265408893223
2021-04-20,5.995188700872432
2021-04-21,6.045939780682025
2021-04-22,6.0790245393988895
2021-04-23,6.178327739083342
2021-04-26,6.192204969518544
2021-04-27,6.6011006469600755
2021-04-28,6.409715859010055
2021-04-29,6.425123350383528
2021-04-30,6.403442869473319
2021-05-03,6.416388198168533
2021-05-04,6.1541518348592446
2021-05-05,6.372060381107371
2021-05-06,6.163120007827507
2021-05-07,6.328687552154361
2021-05-10,6.252525499976454
2021-05-11,5.7705601589995315
2021-05-12,5.916113514638165
2021-05-14,5.947642298932021
2021-05-17,5.837166034838434
2021-05-18,5.976880481857885
2021-05-19,5.773498001328951
2021-05-20,6.004839713425879
2021-05-21,5.9933911474907005
2021-05-24,6.1145169949218205
2021-05-25,6.144394393899943
2021-05-26,6.163468777306181
2021-05-27,6.333342645189867
2021-05-28,6.3386718733634995
2021-05-31,6.431873926033495
2021-06-01,6.451013066560661
2021-06-02,6.42515426055876
2021-06-03,6.397801148614487
2021-06-04,6.435630965661951
2021-06-07,6.403986318476312
2021-06-08,6.416700450138107
2021-06-09,6.491419032545404
2021-06-10,6.450032536726051
2021-06-11,6.448985371473284
2021-06-14,6.4595651398296345
2021-06-15,6.273309079105392
2021-06-16,6.268063948181148
2021-06-17,6.134464293147145
2021-06-18,6.1236798368735625
2021-06-21,6.160787660348531
2021-06-22,6.163670517195211
2021-06-23,6.053667097702243
2021-06-24,6.224722724559671
2021-06-28,6.004855142783119
2021-06-29,6.055934907763504
2021-06-30,6.004930605199998
2021-07-01,6.044162691648008
2021-07-02,6.194642678925334
2021-07-05,6.180582764931716
2021-07-06,6.1944222320695514
2021-07-07,6.273601032637847
2021-07-08,6.132494698605179
2021-07-09,6.207565049786171
2021-07-12,6.276194980827962
2021-07-13,6.305645479442448
2021-07-14,6.29850758515282
2021-07-15,6.24688646919115
2021-07-16,6.398099077790067
2021-07-19,6.271144496861934
2021-07-20,6.225215967402234
2021-07-21,6.350399803260474
2021-07-22,6.551063168498895
2021-07-23,6.716770586433272
2021-07-26,6.870636208207696
2021-07-27,6.838362748294933
2021-07-28,6.893852797235912
2021-07-29,6.834482762659854
2021-07-30,6.728616463332021
2021-08-02,6.774915060825632
2021-08-03,6.613171591796965
2021-08-04,6.632020448394731
2021-08-05,6.643924666300112
2021-08-06,6.52574084997899
2021-08-09,6.5392017259076285
2021-08-10,6.615156071332465
2021-08-11,6.532116475813857
2021-08-12,6.533496312682241
2021-08-13,6.572920449588259
2021-08-16,6.470235126215036
2021-08-17,6.532523754866544
2021-08-18,6.587858476635773
2021-08-19,6.442407550734079
2021-08-20,6.54221385417632
2021-08-23,6.634627715601494
2021-08-24,6.642222174936472
2021-08-25,6.779328571598819
2021-08-26,6.74213590339845
2021-08-27,6.7183694009087365
2021-08-30,6.6438986803772435
2021-08-31,6.607701197905895
2021-09-01,6.778734261804244
2021-09-02,6.908430568590239
2021-09-03,6.831973440994903
2021-09-06,6.8779365490945095
2021-09-07,6.854794744252508
2021-09-08,6.8009686450059705
2021-09-09,6.74945385871713
2021-09-10,6.7334211014251695
2021-09-13,6.518444400312311
2021-09-14,6.588375427255916
2021-09-15,6.519642288919763
2021-09-16,6.67668699723204
2021-09-17,6.628629368618127
2021-09-20,6.4603058193594025
2021-09-21,6.547060152022883
2021-09-22,6.601504919788805
2021-09-23,6.7735376192081445
2021-09-24,6.627878238590676
2021-09-27,6.3678785829994435
2021-09-28,6.189758425830571
2021-09-29,6.1728236892746935
2021-09-30,6.198707769333365
2021-10-01,6.294865436956092
2021-10-04,6.160890924305479
2021-10-05,6.219028894663195
2021-10-06,6.063377313381556
2021-10-07,6.118016307242556
2021-10-08,5.976105376462252
2021-10-11,5.872404757591861
2021-10-12,6.022124088119326
2021-10-13,6.219330147356315
2021-10-14,6.31525677964259
2021-10-15,6.39055587284689
2021-10-18,6.423179924118959
2021-10-19,6.595366684958302
2021-10-20,6.634446996877508
2021-10-21,6.678467053768673
2021-10-22,6.763284840963664
2021-10-25,6.688731152602374
2021-10-26,6.820243398550695
2021-10-27,6.76730743918793
2021-10-28,6.515337190921945
2021-10-29,6.423868890436261
2021-11-01,6.476542798776188
2021-11-02,6.296346471058123
2021-11-03,6.28539994620259
2021-11-04,6.335463907774523
2021-11-05,6.219715153029825
2021-11-08,6.249029743409813
2021-11-09,6.3019589949192945
2021-11-10,6.242308201275906
2021-11-11,6.30405211946733
2021-11-12,6.42610976322143
2021-11-15,6.531694123959434
2021-11-16,6.563692672932842
2021-11-17,6.436150542797107
2021-11-18,6.5200664409437215
2021-11-19,6.495274686986698
2021-11-22,6.268728089317201
2021-11-23,6.012432343180212
2021-11-24,5.967695159026988
2021-11-25,5.634526052286014
2021-11-26,5.395707283193413
2021-11-29,5.55592113340575
2021-11-30,5.407271821668302
2021-12-01,5.533786725273716
2021-12-02,5.22577788889582
2021-12-03,5.2688104058489476
2021-12-06,5.301737214375449
2021-12-07,5.52909517278705
2021-12-08,5.642880979430401
2021-12-09,5.758903626629636
2021-12-10,5.73314828709182
2021-12-13,5.7667591001381755
2021-12-14,5.62327421411636
2021-12-15,5.6862828062476405
2021-12-16,5.714177471337398
2021-12-17,5.757069472984221
2021-12-20,5.744336243385707
2021-12-21,5.834590030572671
2021-12-22,5.891573107514643
2021-12-23,6.0067562314574845
2021-12-27,6.180393243016136
2021-12-28,6.1753249292311905
2021-12-29,6.126439768046195
2021-12-30,6.233857472184075
2022-01-03,6.221304080870962
2022-01-04,6.20461712846016
2022-01-05,6.200267564382392
2022-01-07,5.876732005095283
2022-01-10,5.67006799247891
2022-01-11,5.815889042276487
2022-01-12,5.821251003895393
2022-01-13,5.8675437029263815
2022-01-14,5.871678942744719
2022-01-17,5.799582580696622
2022-01-18,5.667663777454122
2022-01-19,5.6573462543850415
2022-01-20,5.8415903288479685
2022-01-21,5.670075339702427
2022-01-24,5.318604706437781
2022-01-25,5.296962851498122
2022-01-26,5.54212800518339
2022-01-27,5.270893196294848
2022-01-28,5.331667720948622
2022-01-31,5.437560122267582
2022-02-01,5.497370556644104
2022-02-02,5.55697821367577
2022-02-03,5.326934367726083
2022-02-04,5.276242752142213
2022-02-07,5.394182527543251
2022-02-08,5.361695251524075
2022-02-09,5.419096869570012
2022-02-10,5.451143834853022
2022-02-11,5.343468677211005
2022-02-14,5.223850184200521
2022-02-15,5.356702476870456
2022-02-16,5.336806459192909
2022-02-17,5.109976125640204
2022-02-18,4.904881563308023
2022-02-21,4.784550348345651
2022-02-22,4.872811338883869
2022-02-23,4.880382758606787
2022-02-24,4.83536190889941
2022-02-25,5.013962887619881
2022-02-28,5.205187370490169
2022-03-01,5.088070227682347
2022-03-02,5.143584760482846
2022-03-03,4.93519354497472
2022-03-04,4.81232031808176
2022-03-07,4.8186049063288285
2022-03-08,4.694103327902608
2022-03-09,4.940321180142877
2022-03-10,4.8744064734343615
2022-03-11,5.012213221428452
2022-03-14,4.969025871270245
2022-03-15,4.961036841600948
2022-03-16,5.252202775105541
2022-03-17,5.256142492517416
2022-03-18,5.36366779397163
2022-03-21,5.344134306296703
2022-03-22,5.334670046559903
2022-03-23,5.275292160724809
2022-03-24,5.2374058995531145
2022-03-25,5.204638273537475
2022-03-28,5.132182465276655
2022-03-29,5.253395524854691
2022-03-30,5.186928038329205
2022-03-31,5.058808250506528
2022-04-01,5.1317565221775965
2022-04-04,5.323038276810008
2022-04-05,5.4344757532428485
2022-04-06,5.2538578320834715
2022-04-07,5.256168393812101
2022-04-08,5.163181024717842
2022-04-11,5.032062308778861
2022-04-12,5.071569746832185
2022-04-13,5.071280438744314
2022-04-14,5.078885149171054
2022-04-19,5.008314935269143
2022-04-20,4.992295352062956
2022-04-21,4.947417390955479
2022-04-22,4.861030328643636
2022-04-25,4.790584281920414
2022-04-26,4.651090685786459
2022-04-27,4.713656260034081
2022-04-28,4.824339330767932
2022-04-29,4.9381409212733764
2022-05-02,4.836433436300033
2022-05-03,4.904543296033526
2022-05-04,4.8802964443779855
2022-05-05,4.7317814591383565
2022-05-06,4.708606995964944
2022-05-09,4.412932954142888
2022-05-10,4.408230208858589
2022-05-11,4.493098175246067
2022-05-12,4.499902910352529
2022-05-13,4.734752318711188
2022-05-16,4.7114578792041915
2022-05-17,4.696105230216243
2022-05-18,4.672808620377262
2022-05-19,4.656043542759869
2022-05-20,4.684748272958426
2022-05-23,4.69535940069655
2022-05-24,4.673853920587049
2022-05-25,4.555080350565978
2022-05-27,4.8470944708529204
2022-05-30,4.932120819869196
2022-05-31,4.836803749422282
2022-06-01,4.757280418359391
2022-06-02,4.862285321418328
2022-06-03,4.817864828044647
2022-06-07,4.8305193204134715
2022-06-08,4.837007372002931
2022-06-09,4.744060963514172
2022-06-10,4.51068326686866
2022-06-13,4.4145201126753
2022-06-14,4.324656236362839
2022-06-15,4.4183679750749425
2022-06-16,4.273677887872031
2022-06-17,4.254310896544491
2022-06-20,4.314624516922801
2022-06-21,4.336781238257441
2022-06-22,4.329586131178706
2022-06-23,4.329556852440037
2022-06-27,4.446857442460355
2022-06-28,4.341881183848299
2022-06-29,4.319211170942426
2022-06-30,4.279447126344522
2022-07-01,4.27013180899373
2022-07-04,4.268731774659901
2022-07-05,4.232784339486312
2022-07-06,4.408617136152206
2022-07-07,4.4291569538374524
2022-07-08,4.419225504831631
2022-07-11,4.273673974861263
2022-07-12,4.333403170260066
2022-07-13,4.20572952440462
2022-07-14,4.189811137135527
2022-07-15,4.216696843788772
2022-07-18,4.361809053603078
2022-07-19,4.405067710943887
2022-07-20,4.428292899566035
2022-07-21,4.354576529861041
2022-07-22,4.463848860265297
2022-07-25,4.434488755499611
2022-07-26,4.340941073455172
2022-07-27,4.444052968185574
2022-07-28,4.493570281147983
2022-07-29,4.607414658866658
2022-08-01,4.5488376428358785
2022-08-02,4.495820999066595
2022-08-03,4.523219244078375
2022-08-04,4.5669500479736875
2022-08-05,4.487586718108619
2022-08-08,4.570769773144736
2022-08-09,4.446417597492984
2022-08-10,4.5686061605255
2022-08-11,4.584976741964521
2022-08-12,4.599286468036253
2022-08-15,4.6038327295339085
2022-08-16,4.583548316659995
2022-08-17,4.566193542431606
2022-08-18,4.614687442194044
2022-08-19,4.459837506464793
2022-08-22,4.389256234377931
2022-08-23,4.369883443752789
2022-08-24,4.368802760487503
2022-08-25,4.3926301659580025
2022-08-26,4.264478165794841
2022-08-29,4.235784810141639
2022-08-30,4.23134483501782
2022-08-31,4.208022466003099
2022-09-01,4.063204928551817
2022-09-02,4.17734260689082
2022-09-05,4.1537904545919675
2022-09-06,4.162656019331185
2022-09-07,4.231184448919652
2022-09-08,4.253064704223151
2022-09-09,4.299207649062667
2022-09-12,4.396135328886218
2022-09-13,4.27409434736467
2022-09-14,4.225537862645696
2022-09-15,4.186341312716412
2022-09-16,4.139923148584566
2022-09-19,4.066607947732089
2022-09-20,4.046926338298952
2022-09-21,4.050091056873293
2022-09-22,3.9233730284942268
2022-09-23,3.888212366111514
2022-09-26,3.990352833027928
2022-09-27,4.104430704021202
2022-09-28,4.143056972812269
2022-09-29,4.026152915607733
2022-09-30,4.105754348869154
2022-10-03,4.132396486102252
2022-10-04,4.327774494000287
2022-10-05,4.24612574531941
2022-10-06,4.243293024423888
2022-10-07,4.109229314351066
2022-10-10,4.081590956996987
2022-10-11,4.07820712257718
2022-10-12,4.056442048208979
2022-10-13,4.130547961395781
2022-10-14,4.191052125926314
2022-10-17,4.2982639879812
2022-10-18,4.335972415816737
2022-10-19,4.2272371141775125
2022-10-20,4.249130891590412
2022-10-21,4.275985873681377
2022-10-24,4.353558307688002
2022-10-25,4.506707396575044
2022-10-26,4.556245497552933
2022-10-27,4.532720759006519
2022-10-28,4.519957731376126
2022-10-31,4.504682075692925
2022-11-01,4.502717401927594
2022-11-02,4.558091405714808
2022-11-03,4.511175730897471
2022-11-04,4.573362892085598
2022-11-07,4.599261123472297
2022-11-08,4.655958730578334
2022-11-09,4.623264152265815
2022-11-10,4.830060040558922
2022-11-11,4.82739864086788
2022-11-14,4.779898212931374
2022-11-15,4.7447182089934925
2022-11-16,4.660856723185429
2022-11-17,4.655770222488158
2022-11-18,4.689512260330308
2022-11-21,4.663092221236372
2022-11-22,4.716831071770607
2022-11-23,4.775158293193588
2022-11-24,4.768723032151139
2022-11-25,4.806172192238109
2022-11-28,4.802021069564303
2022-11-29,4.768533973351806
2022-11-30,4.827236985583514
2022-12-01,4.916256180583567
2022-12-02,4.935647374823831
2022-12-05,4.974400903088948
2022-12-06,4.89802887945521
2022-12-07,4.849909362211202
2022-12-08,4.870683030176634
2022-12-09,4.91461477699944
2022-12-12,4.890966158940299
2022-12-13,4.973299686019528
2022-12-14,4.897598655211444
2022-12-15,4.759764774050606
2022-12-16,4.682145221769684
2022-12-19,4.647140565081016
2022-12-20,4.632534795758977
2022-12-21,4.712845696149385
2022-12-22,4.64500491894326
2022-12-23,4.677537422959842
2022-12-27,4.719082958492079
2022-12-28,4.682432451402388
2022-12-29,4.759518074655932
2022-12-30,4.681687151829139
2023-01-02,4.799422181443343
2023-01-03,4.83303853277502
2023-01-04,4.930200825406774
2023-01-05,4.964926911071191
2023-01-09,5.153033368620373
2023-01-10,5.12384246231005
2023-01-11,5.138825373901281
2023-01-12,5.178715672817691
2023-01-13,5.197132952588435
2023-01-16,5.199239353838687
2023-01-17,5.2139377340576845
2023-01-18,5.239896733595628
2023-01-19,5.164339396646522
2023-01-20,5.199451669954433
2023-01-23,5.267413257695422
2023-01-24,5.297962987243979
2023-01-25,5.269034502299933
2023-01-26,5.281941786355786
2023-01-27,5.2979860017531655
2023-01-30,5.236787336067598
2023-01-31,5.2423661010732605
2023-02-01,5.280546241870477
2023-02-02,5.6545657796213185
2023-02-03,5.72040152790764
2023-02-06,5.653775123603405
2023-02-07,5.636170840384979
2023-02-08,5.620498436240552
2023-02-09,5.6198112305205346
2023-02-10,5.456382046410619
2023-02-13,5.59760719756774
2023-02-14,5.644862438283896
2023-02-15,5.711315535607249
2023-02-16,5.67037648579292
2023-02-17,5.6125829278669785
2023-02-20,5.5967157804354395
2023-02-21,5.570170414556861
2023-02-22,5.530598469681465
2023-02-23,5.520153475865289
2023-02-24,5.391802875140318
2023-02-27,5.474079869403184
2023-02-28,5.44252337696315
2023-03-01,5.422281308771876
2023-03-02,5.40612529207415
2023-03-03,5.513438119018247
2023-03-06,5.543569164827172
2023-03-07,5.510060554831321
2023-03-08,5.501543854392903
2023-03-09,5.437768217897348
2023-03-10,5.348476506668103
2023-03-13,5.255242579270973
2023-03-14,5.343427050340325
2023-03-15,5.157612947662769
2023-03-16,5.291720093512036
2023-03-17,5.224806469089909
2023-03-20,5.268371165026508
2023-03-21,5.365140625368899
2023-03-22,5.369462601226669
2023-03-23,5.415901264020415
2023-03-24,5.336360284994902
2023-03-27,5.417750842817474
2023-03-28,5.394559734835587
2023-03-29,5.506289294247798
2023-03-30,5.615874524412927
2023-03-31,5.67782687871911
2023-04-03,5.61540117134928
2023-04-04,5.670959219229826
2023-04-05,5.578780565013427
2023-04-06,5.604869152125031
2023-04-11,5.618400974580931
2023-04-12,5.564215404807291
2023-04-13,5.632051089061142
2023-04-14,5.625391622239893
2023-04-17,5.657773827861898
2023-04-18,5.724336235195009
2023-04-19,5.715666257392836
2023-04-20,5.701510598055188
2023-04-21,5.7395058025018475
2023-04-24,5.752283037753456
2023-04-25,5.707519079673991
2023-04-26,5.721326659976896
2023-04-27,5.735706461573817
2023-04-28,5.710719020579659
2023-05-02,5.521580701316254
2023-05-03,5.558915626060577
2023-05-04,5.536074410274904
2023-05-05,5.561996232648523
2023-05-08,5.549824611929569
2023-05-09,5.532266720560047
2023-05-10,5.530345542892913
2023-05-11,5.62931493165637
2023-05-12,5.653441574405052
2023-05-15,5.702432435881755
2023-05-16,5.69137740704955
2023-05-17,5.732587810783853
2023-05-19,5.873846634206563
2023-05-22,5.857360045217918
2023-05-23,5.78019726712479
2023-05-24,5.670465501898197
2023-05-25,5.681667349103768
2023-05-26,5.789343615694379
2023-05-29,5.743216787606743
2023-05-30,5.7702166682573965
2023-05-31,5.7447883594043585
2023-06-01,5.765622890008328
2023-06-02,5.877573866159121
2023-06-05,5.853065964420313
2023-06-07,5.810519980220293
2023-06-08,5.802569849567124
2023-06-09,5.825489811928289
2023-06-12,5.8219635525048385
2023-06-13,5.8803453079800665
2023-06-14,5.8456534512156795
2023-06-15,5.835464999210213
2023-06-16,5.871826055230102
2023-06-19,5.742026791927018
2023-06-20,5.7407896989195955
2023-06-21,5.639745039331246
2023-06-22,5.559392203577861
2023-06-26,5.567629233866305
2023-06-27,5.560197412870293
2023-06-28,5.620033961585663
2023-06-29,5.593271598744057
2023-06-30,5.667361301696082
2023-07-03,5.578422948619614
2023-07-04,5.6108763663378385
2023-07-05,5.547608537844294
2023-07-06,5.405389711596221
2023-07-07,5.465654701589129
2023-07-10,5.499976486547761
2023-07-11,5.526566422273633
2023-07-12,5.584956489776806
2023-07-13,5.60962607116645
2023-07-14,5.554201321989715
2023-07-17,5.518526686302561
2023-07-18,5.554406739173569
2023-07-19,5.514064291689778
2023-07-20,5.403570643856901
2023-07-21,5.349111848344095
2023-07-24,5.395924760596288
2023-07-25,5.424391958548424
2023-07-26,5.39695892399995
2023-07-27,5.452424919426831
2023-07-28,5.451154688523611
2023-07-31,5.447547900628536
2023-08-01,5.3874427597388665
2023-08-02,5.332579821088162
2023-08-03,5.287715711509032
2023-08-04,5.335551107071709
2023-08-07,5.314155293145339
2023-08-08,5.2657492462956315
2023-08-09,5.3049152606193655
2023-08-10,5.336374185037453
2023-08-11,5.245146484228196
2023-08-14,5.240697756675337
2023-08-15,5.171081571313757
2023-08-16,5.131578959753844
2023-08-17,5.041596937316291
2023-08-18,4.996842457053304
2023-08-21,4.995453897811435
2023-08-22,5.037160151995622
2023-08-23,5.061238158746202
2023-08-24,5.025620904609081
2023-08-25,5.023797016722913
2023-08-28,5.0786770906933025
2023-08-29,5.146487962098674
2023-08-30,5.109919158334137
2023-08-31,5.106425890009689
2023-09-01,5.129682486099267
2023-09-04,5.15241748139128
2023-09-05,5.153875166713201
2023-09-06,5.151221711641225
2023-09-07,5.0995363192589735
2023-09-08,5.114043429125737
2023-09-11,5.092658678579292
2023-09-12,5.060837809545059
2023-09-13,5.0563691196528096
2023-09-14,5.135088363772368
2023-09-15,5.1330834312850735
2023-09-18,5.094052329507613
2023-09-19,5.014701474503037
2023-09-20,5.0504543331253915
2023-09-21,4.913351679985254
2023-09-22,4.911410226066206
2023-09-25,4.851641749474074
2023-09-26,4.781309010009183
2023-09-27,4.763510022564144
2023-09-28,4.829389336304535
2023-09-29,4.8848459982588315
2023-10-02,4.844875385027498
2023-10-03,4.799572462820677
2023-10-04,4.7711334980767335
2023-10-05,4.828532566667202
2023-10-06,4.893298471343475
2023-10-09,4.860689853422557
2023-10-10,5.034981652459519
2023-10-11,4.942514033607596
2023-10-12,4.94989203461945
2023-10-13,4.86412536358165
2023-10-16,4.877323433279119
2023-10-17,4.816588638698797
2023-10-18,4.738618314227341
2023-10-19,4.703411911617107
2023-10-20,4.626136971323597
2023-10-23,4.6441307347151115
2023-10-24,4.718257433239449
2023-10-25,4.6783043972282305
2023-10-26,4.56941810567588
2023-10-27,4.538352098484524
2023-10-30,4.603972366151774
2023-10-31,4.609795462263449
2023-11-01,4.602677313084556
2023-11-02,4.700334239193189
2023-11-03,4.750646411952564
2023-11-06,4.77448977624345
2023-11-07,4.76449999732434
2023-11-08,4.754284472356992
2023-11-09,4.796198376332369
2023-11-10,4.729509272013008
2023-11-13,4.792668601489711
2023-11-14,4.986261793813865
2023-11-15,4.987983673801028
2023-11-16,4.889734778786551
2023-11-17,4.9735150610960766
2023-11-20,5.033805797960116
2023-11-21,4.958708270651773
2023-11-22,5.008759870195131
2023-11-23,5.042815026012124
2023-11-24,5.084846162392918
2023-11-27,5.039721942901596
2023-11-28,5.015631838784437
2023-11-29,5.080662233311552
2023-11-30,5.046760791084524
2023-12-01,5.088842916477267
2023-12-04,5.109281676802622
2023-12-05,5.160230687479482
2023-12-06,5.221469914932067
2023-12-07,5.1936902345583835
2023-12-08,5.282116758207606
2023-12-11,5.327006706656092
2023-12-12,5.316805395572326
2023-12-13,5.311136079726734
2023-12-14,5.421491269947329
2023-12-15,5.4774895535897885
2023-12-18,5.458273453133518
2023-12-19,5.5102607669742
2023-12-20,5.511204063791229
2023-12-21,5.470698422771451
2023-12-22,5.467408471624855
2023-12-27,5.495443357599203
2023-12-28,5.497879746950797
2023-12-29,5.500203403028057
2024-01-02,5.486353499289462
2024-01-03,5.414948819879542
2024-01-04,5.395818759602367
2024-01-05,5.322819418565314
2024-01-08,5.375254509006581
2024-01-09,5.355855715573482
2024-01-10,5.333512232506167
2024-01-11,5.310425402701256
2024-01-12,5.301469969262691
2024-01-15,5.278115282215187
2024-01-16,5.26605801678431
2024-01-17,5.233479281649048
2024-01-18,5.333837343885791
2024-01-19,5.291517724994696
2024-01-22,5.373888247629309
2024-01-23,5.422870298996261
2024-01-24,5.450039524478539
2024-01-25,5.431088724881446
2024-01-26,5.45192544006484
2024-01-29,5.46411209347205
2024-01-30,5.456708602422274
2024-01-31,5.469604500619346
2024-02-01,5.595903666389511
2024-02-02,5.55258008572311
2024-02-05,5.5326738727907
2024-02-06,5.5549620836272595
2024-02-07,5.558927772853662
2024-02-08,5.585799101169518
2024-02-09,5.628783493145481
2024-02-12,5.666154058214496
2024-02-13,5.604776868007358
2024-02-14,5.650901414635294
2024-02-15,5.693931490660849
2024-02-16,5.703436286796779
2024-02-19,5.679115211344242
2024-02-20,5.769800004647185
2024-02-21,5.746839999240634
2024-02-22,5.772792671810291
2024-02-23,5.794748522416758
2024-02-26,5.797494501656749
2024-02-27,5.812892702596842
2024-02-28,5.784257383108549
2024-02-29,5.7799875020446585
2024-03-01,5.799628991245157
2024-03-04,5.773296861504509
2024-03-05,5.706650169942005
2024-03-06,5.728018397846342
2024-03-07,5.720285435844813
2024-03-08,5.7642853362487045
2024-03-11,5.75612675380748
2024-03-12,5.913896609428606
2024-03-13,5.912995263543175
2024-03-14,5.913485811085865
2024-03-15,5.925149619945949
2024-03-18,5.887231475780481
2024-03-19,5.922338841816808
2024-03-20,5.903427657411849
2024-03-21,6.009189911544367
2024-03-22,5.763181798221972
2024-03-25,5.828121905978411
2024-03-26,5.89707122864853
2024-03-27,5.881036400600036
2024-03-28,5.906856698844604
2024-04-02,5.8139893886025975
2024-04-03,5.832763677489203
2024-04-04,5.838055021341828
2024-04-05,5.800807305569311
2024-04-08,5.851220688505712
2024-04-09,5.8152044821114
2024-04-10,5.825944318722022
2024-04-11,5.807741516899592
2024-04-12,5.807782789909331
2024-04-15,5.869781978045501
2024-04-16,5.792106794131849
2024-04-17,5.7927462777136745
2024-04-18,5.775339637742732
2024-04-19,5.7251339152282075
2024-04-22,5.7633416412647325
2024-04-23,5.890838324383285
2024-04-24,5.765004817728892
2024-04-25,5.697163835161665
2024-04-26,5.788106439235057
2024-04-29,5.75237140266505
2024-04-30,5.742051414951998
2024-05-02,5.654091771179344
2024-05-03,5.6881132077589065
2024-05-06,5.704674030661331
2024-05-07,5.771718511211314
2024-05-08,5.791722982080271
2024-05-10,5.846829202189839
2024-05-13,5.797933964242763
2024-05-14,5.78422553849224
2024-05-15,5.787614961071314
2024-05-16,5.770229380875733
2024-05-17,5.734425268296166
2024-05-20,5.792489674613534
2024-05-21,5.76426326019726
2024-05-22,5.757116104979125
2024-05-23,5.759297599580843
2024-05-24,5.720218049763776
2024-05-27,5.739816979930664
2024-05-28,5.677799346192455
2024-05-29,5.574813161010476
2024-05-30,5.575132244988455
2024-05-31,5.6204286928249445
2024-06-03,5.632285268009523
2024-06-04,5.58432980474199
2024-06-05,5.622491829849712
2024-06-07,5.638444949361603
2024-06-10,5.571372040377245
2024-06-11,5.562730001411759
2024-06-12,5.600291815865611
2024-06-13,5.476981086406841
2024-06-14,5.3989903976249884
2024-06-17,5.410336739823588
2024-06-18,5.419809471684925
2024-06-19,5.427733752934816
2024-06-20,5.463095615662562
2024-06-24,5.537349002904131
2024-06-25,5.490217724399299
2024-06-26,5.498293459426221
2024-06-27,5.513282576137487
2024-06-28,5.519588375938127
2024-07-01,5.54223843787939
2024-07-02,5.507054996804698
2024-07-03,5.528321950215942
2024-07-04,5.553520744055097
2024-07-05,5.537207142672256
2024-07-08,5.53578757975375
2024-07-09,5.510908535280892
2024-07-10,5.564060475258354
2024-07-11,5.612785603495031
2024-07-12,5.750048134135148
2024-07-15,5.696406541096848
2024-07-16,5.714477327024091
2024-07-17,5.688390166042702
2024-07-18,5.693581050554128
2024-07-19,5.485952184734805
2024-07-22,5.421288319096519
2024-07-23,5.443263572509377
2024-07-24,5.410540027046716
2024-07-25,5.373881764829258
2024-07-26,5.417923741234187
2024-07-29,5.395453994090526
2024-07-30,5.436787964394318
2024-07-31,5.475211578991122
2024-08-01,5.37725792372536
2024-08-02,5.204951877686473
2024-08-05,5.1057630374000444
2024-08-06,5.0567961103995644
2024-08-07,5.144767558438601
2024-08-08,5.173765603245258
2024-08-09,5.21726907483814
2024-08-12,5.2015337309536855
2024-08-13,5.232750282786948
2024-08-14,5.268665754428841
2024-08-15,5.334177328617083
2024-08-16,5.368989357854269
2024-08-19,5.393316017043563
2024-08-20,5.379950762636669
2024-08-21,5.381890001825598
2024-08-22,5.4223708535140185
2024-08-23,5.452932898614829
2024-08-26,5.467295680233275
2024-08-27,5.4569811938173585
2024-08-28,5.457183553431693
2024-08-29,5.5160843941962385
2024-08-30,5.535770455545512
2024-09-02,5.4999277561145465
2024-09-03,5.42292083028192
2024-09-04,5.32977838145719
2024-09-05,5.282398557487077
2024-09-06,5.218053528778525
2024-09-09,5.309689102898539
2024-09-10,5.279100548078103
2024-09-11,5.274317506881631
2024-09-12,5.311683232822798
2024-09-13,5.338782484811154
2024-09-16,5.322085677059343
2024-09-17,5.360402448639869
2024-09-18,5.329402895311011
2024-09-19,5.4282918290566275
2024-09-20,5.3940658899219205
2024-09-23,5.399300374213701
2024-09-24,5.383974918229654
2024-09-25,5.440416494289145
2024-09-26,5.503701870112153
2024-09-27,5.5163488669057905
2024-09-30,5.4565857228967145
2024-10-01,5.436046576443361
2024-10-02,5.431768020609899
2024-10-03,5.399378693701935
2024-10-04,5.417033616389057
2024-10-07,5.389506122210222
2024-10-08,5.346656786677166
2024-10-09,5.328449905170745
2024-10-10,5.275266849462379
2024-10-11,5.312724440030818
2024-10-14,5.279333769166507
2024-10-15,5.232597934123829
2024-10-16,5.263213584947745
2024-10-17,5.2510673486783475
2024-10-18,5.284566851995502
2024-10-21,5.242629773482678
2024-10-22,5.228014069826745
2024-10-23,5.245548584007498
2024-10-24,5.5011609086029924
2024-10-25,5.4489005050418475
2024-10-28,5.493693258762355
2024-10-29,5.4238656609522895
2024-10-30,5.3732530926091995
2024-10-31,5.321328439738195
2024-11-01,5.325984986361905
2024-11-04,5.357637712656617
2024-11-05,5.365582087477589
2024-11-06,5.245727993828459
2024-11-07,5.316274914013101
2024-11-08,5.249054455169856
2024-11-11,5.281687027990777
2024-11-12,5.191658659057055
2024-11-13,5.196970169259599
2024-11-14,5.259038994635445
2024-11-15,5.239069090163992
2024-11-18,5.195561405616118
2024-11-19,5.167708621515872
2024-11-20,5.127720313100223
2024-11-21,5.135741878532836
2024-11-22,5.176913511675749
2024-11-25,5.204948315342316
2024-11-26,5.174587565238133
2024-11-27,5.174125214102352
2024-11-28,5.159373987456588
2024-11-29,5.1391602793745
2024-12-02,5.165230663437097
2024-12-03,5.204498143173354
2024-12-04,5.242477889956123
2024-12-05,5.257928041785544
2024-12-06,5.298638677220541
2024-12-09,5.31223919043806
2024-12-10,5.2881720817546265
2024-12-11,5.2583085496574045
2024-12-12,5.172498678537455
2024-12-13,5.115709267011186
2024-12-16,5.098474820435899
2024-12-17,5.08836729614892
2024-12-18,5.092097248411194
2024-12-19,4.979328800652666
2024-12-20,4.988817078211444
2024-12-23,4.823737485217832
2024-12-27,4.912166007665896
2024-12-30,4.904979329909375
2025-01-02,4.976382355547677
2025-01-03,4.9837344521187275
2025-01-07,5.036579494928701
2025-01-08,4.959318419314755
2025-01-09,4.943090656892445
2025-01-10,4.9072395766382995
2025-01-13,4.901271571085118
2025-01-14,4.918150787365295
2025-01-15,5.01810246366143
2025-01-16,5.06769917829031
2025-01-17,5.025975567463699
2025-01-20,5.049716725767848
2025-01-21,5.074942716222283
2025-01-22,5.078033411559522
2025-01-23,5.104781964656962
2025-01-24,5.152447231054782
2025-01-27,5.150565163412585
2025-01-28,5.189138436542145
2025-01-29,5.2209445301481585
2025-01-30,5.1409552126633065
2025-01-31,5.221691685319664
2025-02-03,5.146366537552338
2025-02-04,5.160270864983674
2025-02-05,5.139020573090962
2025-02-06,5.177662191660191
2025-02-07,5.066472594192004
2025-02-10,5.145229791830226
2025-02-11,5.153622161493279
2025-02-12,5.185921549787185
2025-02-13,5.35139736396697
2025-02-14,5.336902332364061
2025-02-17,5.3836801755659
2025-02-18,5.400589615784721
2025-02-19,5.290100510931422
2025-02-20,5.3225139536174275
2025-02-21,5.294642846163987
2025-02-24,5.2635747469262055
2025-02-25,5.285468707803367
2025-02-26,5.3328061820036705
2025-02-27,5.293868525898304
2025-02-28,5.269717138352275
2025-03-03,5.330430122202972
2025-03-04,5.184651780443184
2025-03-05,5.305312769446826
2025-03-06,5.306736554809821
2025-03-07,5.271519950191435
2025-03-10,5.251024026381927
2025-03-11,5.133669401854084
2025-03-12,5.176103679651228
2025-03-13,5.156777188137795
2025-03-14,5.229772078988367
2025-03-17,5.2426803705145035
2025-03-18,5.268238539183959
2025-03-19,5.248570962880788
2025-03-20,5.2347929102927475
2025-03-21,5.149609219836018
2025-03-24,5.186155349877272
2025-03-25,5.1962159489766915
2025-03-26,5.10019607360063
2025-03-27,5.073076728092596
2025-03-28,4.987567747365975
2025-03-31,4.905435903583873
2025-04-01,4.938196616653471
2025-04-02,4.905243570200751
2025-04-03,4.785588868018852
2025-04-04,4.608705495310252
2025-04-07,4.448873123466621
2025-04-08,4.599910159041403
2025-04-09,4.4952328339172505
2025-04-10,4.708155317126483
2025-04-11,4.721128992989347
2025-04-14,4.83179396259177
2025-04-15,4.920432531387037
2025-04-16,4.931631142769842
2025-04-17,4.904767284145692
2025-04-22,4.906214091933666
2025-04-23,4.955407420815728
2025-04-24,4.96729321816523
2025-04-25,5.021830809495431
2025-04-28,5.015934758456179
2025-04-29,5.0285150372529435
2025-04-30,4.782685110218324
2025-05-02,4.853210598149275
2025-05-05,4.857838355931283
2025-05-06,4.784110078186952
2025-05-07,4.755749847374086
2025-05-08,4.834051930584002
2025-05-09,4.817791207659155
2025-05-12,4.912405585845554
2025-05-13,4.915290538193651
2025-05-14,4.938281719929061
2025-05-15,4.9586307580613385
2025-05-16,4.932832675686678
2025-05-19,4.929462583949005
2025-05-20,4.956659017379726
2025-05-21,4.944626388986121
2025-05-22,4.8431924218798645
2025-05-23,4.802145573100185
2025-05-26,4.861809591435811
2025-05-27,4.886860629661813
2025-05-28,4.8784334771044975
2025-05-30,4.869745716170491
2025-06-02,4.830766687869659
2025-06-03,4.841989386505266
2025-06-04,4.894163131751128
2025-06-05,4.926586488948516
2025-06-09,4.891754058630251
2025-06-10,4.881486847484774
2025-06-11,4.8965476577373055
2025-06-12,4.866515991047055
2025-06-13,4.825718079336387
2025-06-16,4.966107807790016
2025-06-17,4.922180660292212
2025-06-18,4.919386311488165
2025-06-19,4.866977802957458
2025-06-23,4.84077571976112
2025-06-24,4.898611816156507
2025-06-25,4.918199210417471
2025-06-26,4.956502735190133
2025-06-27,5.070307758539629
2025-06-30,5.057708800340972
2025-07-01,5.055044831143049
2025-07-02,5.121467525247542
2025-07-03,5.116549120721087
2025-07-04,5.090857355083745
2025-07-07,5.081405625356948
2025-07-08,5.099493397861431
2025-07-09,5.148687222480652
2025-07-10,5.216724241796778
2025-07-11,5.165987716603379
2025-07-14,5.09634093834254
2025-07-15,5.101324408601537
2025-07-16,5.0544744875477665
2025-07-17,5.231312818773551
2025-07-18,5.279170136283539
2025-07-21,5.247295096709745
2025-07-22,5.273201227627258
2025-07-23,5.361775816066656
2025-07-24,5.363826908950197
2025-07-25,5.40979666664047
2025-07-28,5.381855123535421
2025-07-29,5.373419260727877
2025-07-30,5.418571314495791
2025-07-31,5.360022007685631
2025-08-01,5.272227967443596
2025-08-04,5.2807535315362335
2025-08-05,5.314932837503579
2025-08-06,5.319835579335928
2025-08-07,5.365350278394713
2025-08-08,5.359900551699444
2025-08-11,5.334681960460188
2025-08-12,5.367692260012719
2025-08-13,5.223013618846393
2025-08-14,5.271564304371432
2025-08-15,5.27676989192307
2025-08-18,5.313136777306365
2025-08-19,5.354589598373678
2025-08-20,5.360781876964768
2025-08-21,5.33939704709259
2025-08-22,5.421021583385584
2025-08-25,5.395300258862224
2025-08-26,5.363434160075525
2025-08-27,5.337900002408639
2025-08-28,5.334254630280835
2025-08-29,5.247823442424108
2025-09-01,5.238006418485142
2025-09-02,5.114706151986251
2025-09-03,5.134047803709432
2025-09-04,5.113342755014015
2025-09-05,5.190004153139072
2025-09-08,5.2150032933790635
2025-09-09,5.211595953381449
2025-09-10,5.200214808073669
2025-09-11,5.194419466963889
2025-09-12,5.195408229711223
2025-09-15,5.248238662480359
2025-09-16,5.207030064183542
2025-09-17,5.172113834077279
2025-09-18,5.217906601422582
2025-09-19,5.258551477589512
2025-09-22,5.281167232107314
2025-09-23,5.304307831007162
2025-09-24,5.276367357034635
2025-09-25,5.229487501392606
2025-09-26,5.218755064563616
2025-09-29,5.255259791835124
2025-09-30,5.200092077544422
2025-10-01,5.206712488112536
2025-10-02,5.229990717844266
2025-10-03,5.270927176602911
2025-10-06,5.260963910456836
2025-10-07,5.205409307854784
2025-10-08,5.2180826036472565
2025-10-09,5.225494816671909
2025-10-10,5.129452889182143
2025-10-13,5.157271125290795
2025-10-14,5.130297457672925
2025-10-15,5.140529533439921
2025-10-16,5.148626338264857
2025-10-17,5.105560687375908
2025-10-20,5.163275820745029
2025-10-21,5.210517139105621
2025-10-22,5.2067754563808855
2025-10-23,5.132316496779715
2025-10-24,5.232228776566812
2025-10-27,5.232345320661929
2025-10-28,5.185685736575002
2025-10-29,5.151837629250166
2025-10-30,5.157963840673578
2025-10-31,5.1237744164219645
2025-11-03,5.108101818445621
2025-11-04,5.0552738540590445
2025-11-05,5.026769544498562
2025-11-06,5.008100126764488
2025-11-07,5.008591269303768
2025-11-10,5.082508936997136
2025-11-11,5.131560059095183
2025-11-12,5.169185131118218
2025-11-13,5.119523312664892
2025-11-14,5.044648251509445
2025-11-17,4.996878678836263
2025-11-18,4.889657861547216
2025-11-19,4.9193221747383244
2025-11-20,4.927894629588166
2025-11-21,4.928014032133206
2025-11-24,4.956857649840101
2025-11-25,5.006895316573504
2025-11-26,5.042468149635326
2025-11-27,5.083729263366384
2025-11-28,5.069857601636262
2025-12-01,5.072301281228287
2025-12-02,5.045192508512563
2025-12-03,5.039928987838919
2025-12-04,5.0837060052159675
2025-12-05,5.093221127241452
2025-12-08,5.108888045463572
2025-12-09,5.1054219117050765
2025-12-10,5.091242212338708
2025-12-11,5.112600673009428
2025-12-12,5.117924105364053
2025-12-15,5.1400701769941195
2025-12-16,5.099963699350708
2025-12-17,5.078718572551468
2025-12-18,5.109084874436994
2025-12-19,5.125221034820835
2025-12-22,5.1194730565744075
2025-12-23,5.131161582188582
2025-12-29,5.166751574855777
2025-12-30,5.203029370561283
